farsi,exactr,exactf,chapter
Vāženāme,vāženāme,واژنامه,0
ahvālporsi,"расспрашивание, осведомление о здоровье",احوالپرسی,1
aknun,теперь,اکنون,1
alāqemand,заинтересованный,علاقمند,1
amme,тётя (по отцу),عمه,1
amu,дядя (по отцу),عمو,1
āmuzgār,учитель,آموزگار,1
ānhā,они,آنها,1
asr be xeyr,добрый вечер,عصر به خیر,1
barādar,брат,برادر,1
bāzi,игра,بازی,1
be,к,به,1
bimār,больной,بیمار,1
boland,"высокий, длинный",بلند,1
"budan (hast, bāš)",быть,بودن,1
cāq,"толстый, в т.ч. о человеке",چاق,1
cetowr,как,چطور,1
ci,что ?,چی,1
daftar,тетрадь,دفتر,1
dānešāmuz,ученик,دانش آموز,1
dānešju,студент,دانشجو,1
dar,"дверь, в",در,1
dāyi,дядя (по матери),دایی,1
doxtar,"девочка, девушка, дочь",دختر,1
doxtaramme,"двоюродная сестра, дочь сестры отца",دختر‌عمه,1
doxtaramu,"двоюродная сестра, дочь брата отца",دخترمو,1
doxtardāyi,"двоюродная сестра, дочь сестры матери",دختردایی,1
doxtarxāle,"двоюродная сестра, дочь брата матери",دخترخاله,1
esm,имя,اسم,1
fārsi,фарси,فارسی,1
gorosne,голодный,گرسنه,1
hāl,состояние здоровья,حال,1
ham,тоже,هم,1
hamconin,также,همچنین,1
hamintowr,"точно так же, таким же образом",همینطور,1
irāni,"иранский, иранец",ایرانی,1
jāru,"метёлка, веник, половая щётка",جارو,1
kānādāyi,"канадец, канадский",کانادایی,1
kārgar,рабочий,کارگر,1
kārmand,сотрудник,کارمند,1
kelās,класс,کلاس,1
ketāb,книга,کتاب,1
lebās,"костюм, платье",لباس,1
mā,мы,ما,1
mādar,мать,مادر,1
mamnun,благодарный,ممنون,1
man,я,من,1
māšin,машина,ماشین,1
mersi,спасибо,مرسی,1
metro,метро,مترو,1
moallem,учитель,معلم,1
mohandes,инженер,مهندس,1
motešakker,благодарный,متشکر,1
nām,имя (ن___),نام,1
nānvā,пекарь,نانوا,1
nevisande,писатель,نویسنده,1
ostād,преподаватель,استاد,1
parastār,медсестра,پرستار,1
pārk,парк (پ___),پارک,1
pedar,отец,پدر,1
pesar,"мальчик, сын",پسر,1
pesaramme,"двоюродный брат, сын сестры отца",پسرعمه,1
pesaramu,"двоюродный брат, сын брата отца",پسرمو,1
pesardāyi,"двоюродный брат, сын сестры матери",پسردایی,1
pesarxāle,"двоюродный брат, сын брата матери",پسرخاله,1
pezešk,врач (پ___),پزشک,1
polis,полицейский,پلیس,1
qadkutāh,маленький,قدکوتاه,1
rādiyo,радио,رادیو,1
rang,цвет,رنگ,1
rāzi,довольный,راضی,1
Ruz-e xub-i dāšte bāšid! ,Хорошего вам дня!,روز خوبی داشته باشید!,1
šab be xeyr,спокойной ночи,شب به خیر,1
sabz,зеленый,سبز,1
salām,привет,سلام,1
sedā,"голос, звук",صدا,1
širin,"сладкий, благозвучный",شیرین,1
sobh be xeyr,доброе утро,صبح به خیر,1
šomā,вы,شما,1
šoql,"занятие, профессия",شغل,1
tešne,жаждущий,تشنه,1
to,ты,تو,1
u,он,او,1
va,и,و,1
xāhar,сестра,خواهر,1
xāle,тётя (по матери),خاله,1
xāne,дом,خانه,1
xayyāt,портной,خیاط,1
xayyāti,ателье; мастерская по пошиву,خیاطی,1
xeyl-i,очень; много,خیل‌ای,1
Xodā hāfez,до свидания!,خدا حافظ,1
Xodā negahdār,до свидания!,خودا نگهدار,1
xošbaxt-am,я рад,خوشبخت‌ام,1
xošhāl,довольный,خوشحال,1
xub,"хороший, хорошо",خوب,1
zabān,язык,زبان,1
zohr be xeyr,добрый день (после полудня),ظهر به خیر,1
ābi,голубой,آبی,2
Afqānestān,Афганистан,افغانستان,2
ahl,житель,اهل,2
ājil,"лакомства, сласти",آجیل,2
akkās,фотограф,عکاس,2
akkāsi,фотостудия,عکاسی,2
Ālmān,германия,آلمان,2
ālmāni,немецкий,آلمانی,2
Āmrikā,америка,آمریکا,2
āqā,господин,آقا,2
Arāq,ирак,عراق,2
Armanestān,армения,ارمنستان,2
Āsiyā,Азия,آسیا,2
āteliye,мастерская,آتلی,2
az,"из, от",از,2
Āzarbāyjān,азербайджан,آذربایجان,2
bā,с,با,2
bā ham,вместе,با هم,2
barā,для,برا,2
bastani,мороженое,بستنی,2
bāz,"открытый, снова",باز,2
bebaxšid,извините,ببخشید,2
bist,двадцать,بیست,2
boluz,блузка,بلوز,2
bozorg,большой,بزرگ,2
camanzani,косьба,چمنزنی,2
Cin,Китай,چین,2
cini,"китайский, китаец, фарфор",چینی,2
dandānpezešk,стоматолог,دندانپزشک,2
daryā,море,دریا,2
dāštan (dār),иметь,داشتن,2
do,два,دو,2
dokme,кнопка,دکمه,2
dušize,девушка,دوشیزه,2
dust,друг,دوست,2
dust dāštan (dār),любить,دوست داشتن,2
emruz,сегодня,امروز,2
emšab,сегодня вечером,امشب,2
Engelestān,англия,انگلستان,2
engelisi,английский,انگلیسی,2
eynak,очки,عینک,2
farānsavi,француз; французский,فرانسوی,2
Farānse,Франция,فرانسه,2
fardā,завтра,فردا,2
film,фильм,فیلم,2
forsat,возможность; шанс,فرصت,2
gerān,дорогой; ценный,گران,2
gereftār,занятый,گرفتار,2
hamkelāsi,одноклассник,همکلاسی,2
hamsāye,сосед,همسایه,2
hatman,обязательно,حتما,2
in,этот,این,2
Itāliyā,италия,ایتالیا,2
itāliāyi,итальянский,ایتالیایی,2
jahān,"мир, вселенная",جهان,2
jib,карман,جیب,2
jomhuri,республика,جمهوری,2
jonub,юг,جنوب,2
joqrāfiyā,география,جغرافیا,2
jozv(-e),"1. предлог между, среди 2. часть",جزو,2
kešvar,страна,کشور,2
kojā,"где, куда",کجا,2
kuh,гора,کوه,2
lāqar,тонкий,لاغر,2
ma’zerat mixāham,прошу прощения; извините,معذرت میخواهم,2
mantaqe,регион,منطقه,2
mas’uliyat,ответственность,مسئولیت,2
melliyat,национальность,ملیت,2
motālee,изучение,مطالعه,2
"moteassef budan (hast, bāš)","сожалеть, быть опечаленным",متاسف بودن,2
nām-e xānevādegi,фамилия,نامِ خانوادگی,2
Orupā,Европа,اروپا,2
ozr mixāham,прошу прощения; извините,عذر میخواهم,2
Pākestān,пакистан,پاکستان,2
panj,пять,پنج,2
pāytaxt,столица,پایتخت,2
porjam’iyat,густонаселенный,پرجمعیت,2
qadboland,высокий,قدبلند,2
qadimi,старый; старомодный; устаревший,قدیمی,2
qarār dāštan (dār),"находиться, располагаться, иметь встречу",قرار داشتن,2
qarb,Запад,غرب,2
qārre,континент,قاره,2
qermez,красный (ق___),قرمز,2
reštekuh,горная цепь,رشتکوه,2
rud,река,رود,2
šahr,город,شهر,2
sāl,год,سال,2
samimi,"искренний, близкий (о друге)",صمیمی,2
sargarmi,"1) занятие, увлечение 2) времяпрепровождение, развлечение",سرگرمی,2
šarq,Восток,شرق,2
šenāsnāme,свидетельство о рождении,شناسنامه,2
širini,кондитерские изделия,شیرینی,2
šomāl,север,شمال,2
surat,"случай, список, лицо",صورت,2
ta’til,"1) праздник 2) прекращение деятельности, простой",تعطیل,2
televiziyon,телевидение,تلویزیون,2
tišert,футболка,تیشرت,2
Tork,"турок, турецкий",ترک,2
Torkamanestān,туркменистан,ترکمنستان,2
Torkiye,Турция,ترکیه,2
xākandāz,совок для мусора,خاک‌انداز,2
xalij,залив,خلیج,2
xān,хан,خان,2
xānom,госпожа,خانم,2
xaste,уставший,خسته,2
Xāvar-e Miyāne,Ближний Восток,خاور میانه,2
xošbaxt,счастливый,خوشبخت,2
yek,один,یک,2
Žāpon,Япония,ژاپن,2
žāponi,"японский, японец",ژاپنی,2
zendegi,жизнь,زندگی,2
zibā,красивый,زیبا,2
āb,вода,آب,3
ābohavā,климат,آبهوا,3
āmadan (ā),прийти,آمدن,3
ārāyešgar,парикмахер,آرایشگر,3
āšpazi,готовка,آشپزی,3
aziyat kardan (kon),дразнить,اذیت کردن,3
bacce,ребенок,بچه,3
bāqce,огород,باغچه,3
bar dāštan (dār),принимать,بر داشتن,3
bar gaštan (gard),возвращение,بر گشتن,3
baxšidan (baxš),"1. дарить, давать 2. прощать",بخشیدن,3
besyār,очень,بسیار,3
bimārestān,больница,بیمارستان,3
bordan (bar),"взять, унести, выиграть",بردن,3
cand,сколько? несколько,چند,3
cekāre,кто? (по профессии),چکاره,3
ciz,вещь,چیز,3
dānešgāh,университет,دانشگاه,3
dar āvardan (āvar),"выносить, доставать, снимать (одежду)",در آوردن,3
dast,рука,دست,3
didan (bin),"смотреть, видеть",دیدن,3
didani,1. подлежащий просмотру 2. достопримечательность,دیدنی,3
eštebāhi,ошибочный,اشتباهی,3
form-e sabtenām,регистрационная форма,فرم ثبت‌نام,3
futbāl,футбол,فوتبال,3
garm,тёплый,گرم,3
gereftan (gir),"получить, принять",گرفتن,3
goftan (gu),говорить,گفتن,3
hameciz,все,همه‌چیز,3
hamiše,всегда,همیشه,3
havā,"воздух, погода",هوا,3
hayāt,двор,حیاط,3
honar,искусство,هنر,3
jāru kešidan (keš),развертка,جارو کشیدن,3
kār,работа,کار,3
kardan (kon),делать,کردن,3
kenār-e,"возле, около",کنارِ,3
kerāvāt,галстук,کراوات,3
komak,помощь,کمک,3
list,список,لیست,3
livān,"кубок, бокал",لیوان,3
ma’ruf,известный,معروف,3
mādarbozorg,бабушка,مادر بزرگ,3
mahalli,"отечественный, местный",محلی,3
ma’mulan,обычно; нормально,معمولا,3
māndan (mān),оставаться,ماندن,3
markaz,центр,مرکز,3
martub,влажный,مرطوب,3
me’mār,архитектор,معمار,3
mehmān,гость (م___),مهمان,3
mekānik,"механика, механик",مکانیک,3
mo’tadel,умеренный; мягкий,معتدل,3
mosābeqe,состязание,مسابقه,3
mosāferat,поездка,مسافرت,3
naqqāš,художник,نقاش,3
nemune,образец,نمونه,3
neveštan (nevis),запись,نوشتن,3
oftādan (oft),падать,افتادن,3
ostān,"область, регион",استان,3
otāq-e pazirāyi,гостиная,اتاقِ پذیرایی,3
pedarbozorg,дедушка,پدر بزرگ,3
por kardan (kon),заполнить,پر کردن,3
porsidan (pors),спросить,پرسیدن,3
qal’e,замок,قلعه,3
qazā,еда,غذا,3
qesse,рассказ,قصه,3
rafiq,товарищ,رفیق,3
"raftan (rav, row)",идти,رفتن,3
rāsti,кстати,راستی,3
resāndan (resān),"передавать, брать с собой",رساندن,3
rixtan (riz),лить,ریختن,3
rustā,деревня,روستا,3
ruznāmenegār,журналист; публицист,روزنامنگار,3
šab,вечер,شب,3
sabr,терпение,صبر,3
sābun,мыло,صابون,3
sar,голова,سر,3
sarsabz,зеленый,سرسبز,3
"šodan (šav, šow)",стать,شدن,3
sohbat kardan (kon),говорить,صحبت کردن,3
šostan (šu),мыть,شستن,3
šowhar,муж,شوهر,3
tamāšā kardan (kon),смотреть,تماشا کردن,3
tamiz,"чистый, опрятный",تمیز,3
tanhā,"один, в одиночку",تنها,3
ta’rif kardan (kon),сказать; определить; похвалить,تعریف کردن,3
vakil,адвокат,وکیل,3
vali,"но, однако",ولی,3
xāndan (xān),"читать, изучать, петь",خواندن,3
xānevāde,семья,خانواده,3
xarid,покупки,خرید,3
xaridan (xar),купить,خریدن,3
yād,память,یاد,3
yekkam,немного,یککم,3
zan,"женщина, жена",زن,3
ādine,пятница,آدینه,4
ādres,адрес,آدرس,4
adviye,специи,ادویه,4
albatte,конечно,البته,4
ālude,грязный,آلوده,4
āmādegi,готовность,آمادگی,4
ān,тот,آن,4
ānjā,"там, туда",آنجا,4
ārāyešgāh,парикмахерская,آرایشگاه,4
āsān,лёгкий,آسان,4
ātaš,огонь,آتش,4
bāhuš,способный,باهوش,4
baste,посылка,بسته,4
bāzār,рынок,بازار,4
borj,башня,برج,4
buq,рог,بوق,4
cāhārpā,четвероногий,چاهارپا,4
cāhāršanbe,среда,چهارشنبه,4
ce,что,چه,4
cešm,глаз,چشم,4
dādan (deh),дать,دادن,4
dādgāh,суд,دادگاه,4
dāmane,домен,دامنه,4
dāneškade,"институт, факультет",دانشکده,4
dānešmand,ученый,دانشمند,4
darmāngāh,клиника,درمانگاه,4
darre,долина,دره,4
dars xāndan (xān),"изучать, учиться",درس خواندن,4
daryāce,озеро,دریاچه,4
delpazir,приятный; прекрасный,دلپذیر,4
deraxt,дерево,درخت,4
došanbe,понедельник,دوشنبه,4
emtehān gereftan (gir),провести экспертизу,امتحان گرفتن,4
eškāl,ошибка; недостаток,اشکال,4
eski,"лыжа, лыжный спорт",اسکی,4
farš,ковровое покрытие,فرش,4
gerānbahā,драгоценный; ценный,گرانبها,4
hamejā,везде,همجا,4
jadid,новый; современный,جدید,4
jāleb,интересный,جالب,4
javāherāt,ювелирные изделия,جواهرات,4
jom’e,пятница,جمعه,4
jonubi,южный,جنوبی,4
kalāntari,полицейский участок,کلانتری,4
kam,мало,کم,4
kamābiš,почти,کمابیش,4
kār kardan (kon),"работать, функционировать",کار کردن,4
kārxāne,"фабрика, завод",کارخانه,4
kāxmuze,музей дворца,کاخ موزه,4
ke,"кто, который",که,4
kešāvarz,фермер,کشاورز,4
kucak,маленький,کوچک,4
kuce,улица (маленькая),کوچه,4
mahal(l),местоположение; место,محل,4
mard,мужчина,مرد,4
mardom,люди,مردم,4
matab,поликлиника,مطب,4
mehmānnavāz,гостеприимный,مهمان‌نواز,4
mellat,нация,ملت,4
melli,национальный,ملی,4
miz,стол,میز,4
mohem(m),важный; существенный,مهم,4
monāseb,"подходящий, уместный",مناسب,4
monši,секретарь,منشی,4
moškel,трудный,مشکل,4
moteassefāne,к сожалению,متاسفانه,4
muze,музей,موزه,4
nāšenās,"чуждый, неизвестный",ناشناس,4
nasim,легкий ветер,نسیم,4
nešān,"знак, указатель",نشان,4
nešāni,адрес,نشانی,4
nesbatan,относительно,نسبتا,4
niz,также,نیز,4
noqre,"серебро, серебряны",نقره,4
oqyānus,океан,اقیانوس,4
panjšanbe,четверг,پنجشنبه,4
parande,птица,پرنده,4
pārce,ткань,پارچه,4
pāsox,ответ,پاسخ,4
pelāk,"табличка, номер дома",پلاک,4
qābeledidan,видимый,قابلدیدن,4
"qabul šodan (šav, šow)",проходить (проверку),قبول شدن,4
qafase,полка,قفس,4
qāli,ковровое покрытие,قالی,4
resturān,ресторан,رستوران,4
ruz,день,روز,4
šanbe,суббота,شنبه,4
sandali,стул,صندلی,4
saqf,потолок,سقف,4
sarmā,"холод, мороз",سرما,4
saxre,скалы,صخره,4
saxtgir,строгий,سختگیر,4
sešanbe,вторник,سه شنبه,4
seyl,наводнение,سیل,4
sobh,утро,صبح,4
šomāre,номер (порядковый),شماره,4
tā,штука,تا,4
ta’mirgāh,"местерская, цех",تعمیرگاه,4
tābestān,лето,تابستان,4
tafrih,удовольствие; развлечение,تفریح,4
talā,золото,طلا,4
taqriban,почти,تقریبا,4
tarsidan (tars),бояться,ترسیدن,4
tāzi,"араб, арабский",تازی,4
telefon,телефон,تلفن,4
telekābin,лифт; подъемник,تلکابین,4
tufān,шторм,طوفان,4
vaqt,время,وقت,4
vojud dāštan (dār),существовать,وجود داشتن,4
xāreji,иностранец,خارجی,4
xāstan (xāh),"желать, требовать",خاستن,4
xatarnāk,опасно,خطرناک,4
xiyābān,улица,خیابان,4
xonak,прохладный,خنک,4
xoškbār,сухофрукты,خشکبار,4
xungarm,"1. отзывчивый 2. горячий, темпераментный",خونگرم,4
yekšanbe,воскресенье,یکشنبه,4
zendegi kardan (kon),жить,زندگی کردن,4
zerang ,"проворный, смышлёный",زرنگ ,4
ziyād,много,زیاد,4
ādam,человек,آدم,5
ādāms,жевательная резинка,آدامس,5
āhang,песня; музыка; мелодия,آهنگ,5
āqāz,начало (آ___),آغاز,5
āšnāyi,"представление, знакомство",آشنایی,5
ātašbāzi,фейерверк,آتشبازی,5
avval,"первый, начало",اول,5
avvalin,первый,اولین,5
āxar,конец; последний,آخر,5
bahār,весна,بهار,5
barābar,"равный, одинаковый",برابر,5
barg,лист (на дереве),برگ,5
bāstāni,древний,باستانی,5
baxš bar,разделенный на,بخش بر,5
be alāve-ye,в дополнение к; плюс,به علاوهٔ,5
be ezāfe-ye,в дополнение к; плюс,به اضافهٔ,5
"be pišvāz raftan (rav, row)",добро пожаловать,به پیشواز رفتن,5
beviže,в частности; особенно,بویژه,5
bištar,более,بیشتر,5
candom,какой по счёту?,چندم,5
candomin,какой по счёту?,چندمین,5
cekār,что (делать)?,چکار,5
dāne,зерно,دانه,5
dastejam’i,"общий, совместный",دست‌جمعی,5
derāz,длинный,دراز,5
derāzi,длина,درازی,5
didobāzdid,посещение и ответный визит,دیدبازدید,5
digar ,"другой, (по)следующий",دیگر ,5
dorost,"правильный, правильно",درست,5
dotāyi,двойной,دوتایی,5
dowr-e,вокруг,دور,5
eyd,праздник (ع___),عید,5
eydi,новогодний подарок,عیدی,5
farvand,счетное слово для самолётов,فروند,5
farzand,ребенок (сын или дочь),فرزند,5
fasl,сезон,فصل,5
foruxtan (foruš),продавать,فروختن,5
gāh-i,иногда,گاهی,5
gardeš,1) прогулка 2) поворот,گردش,5
gāv,"корова, бык",گاو,5
gozarāndan (gozarān),тратить,گذراندن,5
gusfand,овца,گوسفند,5
hafte,неделя,هفته,5
hame,"все, всё",همه,5
hamegāni,общий; общественный,همگانی,5
havāpeymā,самолет,هواپیما,5
hengām(-e),время; в то время как,هنگام,5
jānevar,животное; живое существо,جانور,5
jašn,праздник (ج___),جشن,5
javān,"молодой, юноша",جوان,5
jeld,"футляр, чехол",جلد,5
joft,пара,جفت,5
jurāb,"носки, чулки",جوراب,5
kafš,обувь,کفش,5
kebrit,спичка,کبریت,5
kodām,который,کدام,5
kohne,старый (предмет),کهنه,5
kotšalvār,костюм,کتشلوار,5
kuhnavardi,горные виды спорта; альпинизм,کوهنوردی,5
madrese,школа,مدرسه,5
magar,разве,مگر,5
māh,месяц,ماه,5
mazrae,с\х поле,مزرعه,5
menhā-ye,минус,منهای,5
mive,фрукты,میوه,5
mobl,"мебель, предмет мебели",مبل,5
nafar,человек (ن___),نفر,5
nāme,письмо,نامه,5
nān,хлеб,نان,5
nešastan (nešin),"сидеть, садиться",نشستن,5
now,новый,نو,5
noxost,первый; во-первых,نخست,5
noxostin,первый,نخستین,5
omr,жизнь,عمر,5
paridan (par),прыгать; летать,پریدن,5
pas,"тогда, итак",پس,5
pāyiz,осень,پاییز,5
pir,старый (человек),پیر,5
pirāhan,"рубашка, платье",پیراهن,5
qabl,последний; предыдущая; бывший; назад,قابل,5
ra’s,"1) счетное слово для животных 2) вершина, остриё",راس,5
radif,ряд,ردیف,5
ru,лицо,رو,5
rubusi kardan (kon),обнимать-целовать,روبوسی کردن,5
sabze,зелень,سبزه,5
sālem,здоровый,سالم,5
sālruz,юбилей,سالروز,5
sāltahvil,момент смены года,سالتهویل,5
šalvār,штаны,شلوار,5
sarbāz,солдат,سرباز,5
sard,холодный,سرد,5
sekke,монета,سکه,5
senjed,"бот. лоховое дерево, облепиха",سنجد,5
serke,уксус,سرکه,5
sešanbešab,вторник ночью,سشنبشب,5
sib,яблоко,سیب,5
sigār,сигарета,سیگار,5
sir,чеснок,سیر,5
sofre,скатерть,سفره,5
šokolāt,шоколад,شکلات,5
šokufe dādan (deh),цвести,شکوفه دادن,5
somāq,бот. сумах (кустарник),سماق,5
šoru’,начало,شروع,5
sorxi,покраснение,سرخی,5
ta’tilāt,"каникулы, отпуск",تعطیلات,5
tabrik goftan (gu),поздравлять,تبریک گفتن,5
tamām,конец,تمام,5
tamizi,чистота,تمیزی,5
tan,тело,تن,5
taqsim bar,разделенный на,تقسیم بر,5
term,семестр,ترم,5
tiq,лезвие,تیغ,5
toxmemorq,яйцо,تخممرق,5
vasāyel,"вещи, принадлежности",وسایل,5
viže,"особенный, спциальный",ویژه,5
xānetekāni,уборка дома,خانه‌تکانی,5
xatkeš,правитель,ختکش,5
yā,или,یا,5
ya’ni,а именно; “т.е.”,یعنی,5
yekdigar,друг друга,یکدیگر,5
zamin,земля,زمین,5
zarb dar,умноженное на,ضرب در,5
zard,желтый,زرد,5
zarf,контейнер; оболочка,ظرف,5
zemestān,зима,زمستان,5
āmāde kardan (kon),подготовить,آماده کردن,6
andāxtan (andāz),бросать,انداختن,6
ātaškade,огненный храм,آتشکده,6
āvardan (āvar),приносить,آوردن,6
aziz,дорогой,عزیز,6
azjomle,в том числе; включая,ازجمله,6
ba’d,следующий; затем; после того,بعد,6
banā,здание (ب___),بنا,6
bar farāz-e,"выше, над",بر فرازِ,6
cāhārrāh,перекресток,چاهارراه,6
cap,левый,چپ,6
cerā,почему,چرا,6
cerāq-e rāhnamāyi,светофор,چراغِ راهنمایی,6
con,"так как, потому что",چون,6
cubi,деревянный,چوبی,6
dalil,причина,دلیل,6
dām,западня,دام,6
daqiqe,минута,دقیقه,6
dārā budan (hast; bāš),"иметь, обладать",دارا بودن,6
daraje,"степень, звание",درجه,6
dir,"поздний, поздно",دیر,6
dowr zadan (zan),"поворачиваться, оборачиваться",دور زدن,6
entehā,конец,انتها,6
estesnāan,исключительно,استثنائا,6
e’temād,доверие; уверенность,اعتماد,6
fer,1) печь 2) кудри,فر,6
ferizer,морозилка,فریزر,6
garm kardan (kon),"согревать, разогревать",گرم کردن,6
gaštan (gard),"искать, поворачивать",گشتن,6
gol,цветок,گل,6
gozāštan (gozār),"положить, поставить, оставить",گذاشتن,6
haminjā,прямо здесь,همینجا,6
harārat,"теплота, температура",حرارت,6
harekat,движение; отъезд,حرکت,6
hotel,отель,هتل,6
injā,"здесь, сюда",اینجا,6
jahāngard,турист,جهانگرد,6
jāme’,"полный, комплексный",جامع,6
lahje,акцент; диалект,لهجه,6
lotfan,пожалуйста,لطفا,6
makān,"место, местоположение",مکان,6
maqāle,"статья, сообщение",مقاله,6
masjed,мечеть,مسجد,6
me’māri,архитектура,معماری,6
meydān,площадь,میدان,6
miyān,среди; середина,میان,6
moddat,"срок, продолжительность, время",مدت,6
mojassamesāzi,скульптура,مجسمسازی,6
monabbatkāri,резьба по дереву,منبت‌کاری,6
monhaserbefard,уникальный,منحصربه‌فرد,6
montazer māndan (mān),всё ещё ждать,منتظر ماندن,6
mostaqim ,"прямой, непосредственный",مستقیم ,6
na,нет,نه,6
nārāhat,"обеспокоенный, озабоченный",ناراحت,6
nareside,1) прежде 2) незрелый,نرسیده,6
nazdik,близкий,نزدیک,6
negarān,беспокоющийся,نگران,6
nimevaqt,частичная занятость,نیموقت,6
omumi,"общий, общественный, публичный",عمومی,6
otu kešidan (keš),железо,اطو کشیدن,6
pāšidan (pāš),"спрыскивать, посыпать",پاشیدن,6
pellekāni,зазубренный,پلکانی,6
picidan (pic),"обернуть, завернуть",پیچیدن,6
pitzā,пицца,پیتزا,6
pitzā-ye hāzeri,готовая пицца,پیتزای حاضری,6
pušeš,обложка,پوشش,6
pušidan (puš),носить (одежду),پوشیدن,6
qabl az,до (о времени),قبل از,6
qabul kardan (kon),принимать,قبول کردن,6
rāst,правый,راست,6
rowšan,светлый,روشن,6
ruyehamrafte,"в целом, вместе",روی‌هم‌رفته,6
šād,"счасливый, радостный",شاد,6
šāh,"шах, царь",شاه,6
šām,ужин,شام,6
samt,направление; сторона; путь,سمت,6
sar-e,"на, по",سرِ,6
serāhi,разветвление,سراهی,6
šomāli,северный,شمالی,6
sonnat,традиция,سنت,6
sonnati,традиционный; обычный; классический,سنتی,6
sorx,красный,سرخ,6
sorxrang,красный цвет,سرخرنگ,6
šowharamme,"дядя, муж сестры отца",شوهر عمم,6
šowharxāle,"дадя, муж сестры матери",شوهر خاله,6
tārixi,исторический,تاریخی,6
tavallod,рождение,تولد,6
tekān xordan (xor),движение,تکان خوردن,6
tu,в; внутри,تو,6
tul kešidan (keš),последний,طول کشیدن,6
vižegi,"свойство, особенность",ویژگی,6
vorudmamnu’,улица с односторонним движением,ورود ممنوع,6
xabar dādan (deh),уведомлять,خبر دادن,6
xāheš kardan (kon),просить,خواهش کردن,6
xāk,"земля, пыль",خاک,6
xalabān,пилот,خلبان,6
xānande,"певец, чтец",خواننده,6
xordan (xor),есть,خوردن,6
xoruji,выход,خروجی,6
yād gereftan (gir),учиться,یاد گرفتن,6
yāddāšt,примечание,یاداشت,6
yāftan (yāb),найти; открыть,یافتن,6
yaxcāl,холодильник,یخچال,6
yektarafe,односторонний,یکطرفه,6
zanamu,"тётя, жена брата отца",زن‌عمو,6
zandāyi,"тётя, жена брата матери",زن‌دایی,6
ādāb,этикет,آداب,7
aksariyat,большинство,اکثریت,7
al’ān,теперь; в настоящее время,الان,7
aqalliyat,меньшинство,اقلیت,7
aqlab,часто,اغلب,7
aqlab-e,больше всего; большая часть,اغلبِ,7
aqrabe,указатель,عقربه,7
aqvām,родственники,اقوام,7
Arab,"араб, арабский",عرب,7
ārāmeš,"покой, спокойствие",آرامش,7
āri,да (آ___),آری,7
armani,армянин,ارمنی,7
arusi,свадьба,عروسی,7
āryāyi,"ариец, арийский",آریایی,7
āšnā,знакомый,آشنا,7
asr,"эпоха, век",عصر,7
āšti,примирения; мир,آشتی,7
āšuri,"ассириец, ассирийский",آشوری,7
ba’dazzohr,после полудня,بعدازظهر,7
ba’z-i,некоторые,بعض‌ای,7
bār,1) раз 2) багаж,بار,7
bargašt,возвращение,برگشت,7
barx-i az,некоторые,برخی از,7
barx-i,некоторые,برخی,7
behtar,лучше,بهتر,7
besyār-i,многие,بسیار‌ای,7
"bidār šodan (šav, šow)",просыпаться,بیدار شدن,7
bištar-e,больше всего; большая часть,بیشتر,7
candin,много,چندین,7
candšanbe,какой день недели?,چندشنبه,7
cetowr magar,почему,چطور مگر,7
dānestan (dān),знать,دانستن,7
daqiqešomār,минутная стрелка,دقیقشمار,7
dars,урок,درس,7
dars dādan (deh),научить,درس دادن,7
daste,"группа, множество, пучок",دست,7
"davidan (dav, dow)",бежать,دویدن,7
donyā,"мир, вселенная",دنیا,7
dur,"далекий, далеко",دور,7
duš,1) душ 2) плечо,دوش,7
e’temād kardan (kon),"доверять, полагаться",اعتماد کردن,7
emruze,в наше время,امروزه,7
esterāhat kardan (kon),отдых,استراحت کردن,7
farhang,"культура, словарь",فرهنگ,7
fekr kardan (kon),думать,فکر کردن,7
film-e sinamāyi,художественный фильм,فیلمِ سینمایی,7
gorji,"грузин, грузинский",گرجی,7
gozašte,"последний, прошедший, предыдущий",گذشته,7
gunāgun,разнообразный,گوناگون,7
hamān,тот самый,همان,7
hamekas,каждый; все,همکس,7
hamin,этот самый,همین,7
har,каждый,هر,7
harciz,"всё, что-нибудь",هرچیز,7
harjā,"везде, где-нибудь",هرجا,7
harkas ,"все, кто-нибудь",هرکس ,7
harkodām,"каждый, любой",هرکدام,7
haryek,каждый,هریک,7
hic,"ничего, ни один",هیچ,7
hicjā,нигде,هیچجا,7
hickas,никто,هیچکس,7
hickodām,никакой,هیچکدام,7
jā,место,جا,7
jašn-e tavallod,день рождения,جشنِ تولد,7
jur,"1) вид, тип 2) подходящий",جور,7
kas,человек,کس,7
konsert,концерт,کنسرت,7
ma’mulan,обычно,معمولا,7
ma’ni,"значение, смысл",معنی,7
masihi,"христианин, христианский",مسیحی,7
mazhabi,религиозная,مذهبی,7
momken,возможный,ممکن,7
morur,"повторение, пересмотр",مرور,7
mosalmān,"мусульманин, мусульманский",مسلمان,7
moxtalef,"разный, различный",مختلف,7
nāhār,обед,ناهار,7
narmeš,гимнастика,نرمش,7
nešān dādan (deh),шоу,نشان دادن,7
nežād,"порода, происхождение",نژاد,7
nim,половина (-م),نیم,7
Pārs,Персия,پارس,7
pārsi,"перс, персидский",پارسی,7
paxš-e mostaqim,прямая трансляция,پخشِ مستقیم,7
peydā kardan (kon),найти,پیدا کردن,7
rasmi,официальный,رسمی,7
riyāziyāt,математика,ریاضیات,7
rob’,четверть,ربع,7
rosum,обычаи; нравы,رسوم,7
ruzmarre,ежедневный,روزمره,7
sāat,"час, часы",ساعت,7
sālon-e qazāxori-ye dānešgāh ,столовая в университете,سالن قزاخری دانشگاه ,7
sāniye,второй,ثانیه,7
sāniyešomār,подержанный,سانیشمار,7
sarzamin,страна; территория,سرزمین,7
sepas,тогда; впоследствии,سپس,7
sinamā,кинотеатр,سینما,7
sobhāne,завтрак,صبحانه,7
solh,мир (не война),صلح,7
"šoru’ šodan (šav, šow)",начать,شروع شدن,7
su,"сторона, направление",سو,7
tafrih kardan (kon),развлекать,تفریح کردن,7
tanbal,ленивый,تنبل,7
teātr,театр,تئاتر,7
tenis,теннис,تنیس,7
tire,1) племя 2) тёмный,تیر,7
Torkaman,"туркмен, туркменский",ترکمن,7
xāb,сон,خواب,7
yahudi,"еврей, еврейский",یهودی,7
zartošti,"зороастриец, зороастрийский",زرتشتی,7
zohr,полдень,ظهر,7
abrišam,шелк,ابریشم,8
ajale,спешка,عجله,8
aqab,задняя часть,عقب,8
asbābkeši,переезд (на квартиру),اسبابکشی,8
āvizān,подвешенный,آویزان,8
āvizān kardan (kon),вешать,آویزان کردن,8
bā vojud-e,несмотря на,با وجودِ,8
bāarzeš,(драго)ценный,باارزش,8
bāfande,ткач; вязальщик,بافند,8
bāft,ткань,بافت,8
bālā,выше; сверху,بالا,8
bālkon,балкон,بالکن,8
banafš,фиолетовый,بنفش,8
bar,на,بر,8
bārāni,"дождливый, плащ",بارانی,8
bastegi dāštan (dār),зависеть,بستگی داشتن,8
be xāter-e,из-за,به خاطرِ,8
be dun-e,без,به دونِ,8
beyn(-e),"среди, между",بین,8
bi,без,بی,8
birun(-e),"вне, снаружи",بیرون,8
candsadsāle,несколько сотен лет,چندصدساله,8
dāman,юбка,دامن,8
dar arz-e,внутри,در عرضِ,8
dar bāre-ye,"о, про",در باره‌‌,8
dar tul-e,во время,در طولِ,8
darbāzkon,открывалка,دربازکن,8
darun(-e),в,درون,8
dastmāl kešidan (keš),протирать,دستمال کشیدن,8
dāxel(-e),в,داخل,8
diruz,вчера,دیروز,8
divār,"стена, забор",دیوار,8
docarxe,велосипед,دوچرخه,8
emtehān,экзамен,امتحان,8
faqat,только,فقط,8
forušgāh,магазин,فروشگاه,8
gārāž,гараж,گاراژ,8
garmkon,спортивный костюм,گرمکن,8
goldān,ваза для цветов,گلدان,8
gozāreš,"отчёт, доклад",گزارش,8
harekat kardan (kon),"двигаться, отправляться",حرکت کردن,8
hezārānsāle,тысячи лет,هزاران‌ساله,8
hodud-e,о,حدودِ,8
istgāh,"остановка, станция",ایستگاه,8
jeliqe,жилет,جلیقه,8
jelow,передний,جلو,8
jens,1) пол (покрытие) 2) материал,جنس,8
joz,кроме,جز,8
kāmpiyuter,компьютер,کامپیوتر,8
kāpšen,куртка,کاپشن,8
kārt,"карта, карточка",کارت,8
kārton,мультфильм,کارتون,8
kelid,ключ,کلید,8
kerem,крем,کرم,8
kešow,шуфлядка (выдвижной ящик стола),کشو,8
ketābxāne,библиотека,کتابخانه,8
keyfiyat,"добротность, качество",کیفیت,8
kodāmyek,который,کدامیک,8
komak kardan (kon),помощь,کمک کردن,8
komod,шкаф,کمد,8
kot,куртка,کت,8
lebās,"костюм, платье",لباس,8
mahsul,продукт,محصول,8
manzur,цель,منظور,8
mašqul,"занятый, занятой",مشغول,8
meški,черный,مشکی,8
miyān-e,среди; между,میانِ,8
miztahrir,стол,میز تحریر,8
mosāferat kardan (kon),путешествие,مسافرت کردن,8
naqš,роль; образец,نقش,8
nārenji,оранжевый,نارنجی,8
Nowruz,навруз,نوروز,8
pāltow,пальто,پالتو,8
panjere,окно,پنجره,8
pašm,шерсть,پشم,8
pāyin,"вниз, внизу",پایین,8
piš(-e),"последний, прошедший; до, ранее",پیش,8
pišine,прошлое,پیشین,8
poliver,свитер,پلیور,8
pošt,спина,پشت,8
pušāk,одежда,پوشاک,8
qahvei,коричневый,قهوه ای,8
qālibāfi,ковроткачество,قالیبافی,8
qarār dādan (deh),"ставить, класть, помещать",قرار دادن,8
qeyr az,кроме,غیر از,8
qolle,1) вершина 2) саммит,قله,8
rāje’ be,о; относительно,راجع به,8
sabad,корзина,سبد,8
sabr kardan (kon),ждать,صبر کردن,8
sāder kardan (kon),"выпускать, выставлять, экспортировать",صادر کردن,8
sāderkonande,экспортер,صادرکننده,8
šalvārjin,джинсы,شلوارجین,8
sanāye-e dasti,ручная работа,صنایع دستی,8
sarāsar,"повсюду, везде",سراسر,8
sefid,белый,سفید,8
siyāh,черный,سیاه,8
sohbat,"разговор, беседа",صحبت,8
sormei,темно-синий,سرمه‌ای,8
surati,розовый,صورتی,8
tāblow,"картина, табличка",تابلو,8
tappe,холм,تپه,8
taraf,сторона,طرف,8
tarh,"набросок, эскиз, план",طرح,8
tārix,история,تاریخ,8
taxt,кровать,تخت,8
taxtexāb,кровать,تختخواب,8
Tumān,"иранская денежная единица, десять риалов",تومان,8
vāred kardan (kon),импорт,وارد کردن,8
vasat,середина,وسط,8
vasile,средство,وسیله,8
vitrin,витрина,ویترین,8
xāli,пустой,خالی,8
xārej(-e),"за рубежом, (во)вне",خارج,8
žākat,куртка,ژاکت,8
zir-e,под,زیرِ,8
zirzamin,подвал,زیرزمین,8
zur,"сила, мощь, мощность, насилие",زور,8
ābrizeš,простуда,آبریزش,9
adab,1) вежливость 2) литература,ادب,9
adas,чечевица,عدس,9
afsāne,сказка,افسانه,9
ālbālu,кислая вишня,آلبالو,9
ālu,слива,آلو,9
āmuzeš,обучение,آموزش,9
anār,гранат,انار,9
angur,виноград,انگور,9
anjām,исполнение; завершение; выполнение,انجام,9
ārd,мукА,آرد,9
arzān,дешево,ارزان,9
asar,результат; работа,اثر,9
āsār,результаты; работы,آثار,9
asātir,мифология,اساطیر,9
āsemān,небо,آسمان,9
ātašfešāni,вулканический,آتشفشانی,9
āyā,ли,آیا,9
bāšokuh,блистательный; великолепный,باشکوه,9
bāzu,рука (выше кисти),بازو,9
be onvān-e,чем,به عنوانِ,9
bini,нос,بینی,9
bolvār,бульвар,بلوار,9
cegune,как?,چگونه,9
cejur,что за?,چجور,9
ceqadr,сколько,چقدر,9
didār,"посещение, визит",دیدار,9
donbāl gaštan (gard),искать,دنبال گشتن,9
ertefā’,высота,ارتفاع,9
ešāre,"указание, намек",اشاره,9
farāvān,"много, обильный",فراوان,9
farmāyeš,распоряжение (ف___),فرمایش,9
fehrest,"каталог, индекс, регистр",فهرست,9
gandom,пшеница,گندم,9
gilās,черешня,گیلاس,9
golābi,груша,گلابی,9
holu,персик,هلو,9
inqadr,так много,اینقدر,9
jādde,шоссе,جاده,9
jāygāh,(место)положение,جایگاه,9
jostoju,поиск,جستجو,9
ketābforuši,книжный магазин,کتابفروشی,9
key,когда,کی,9
keyk,торт,کیک,9
ki,кто,کی,9
kilu,килограмм,کیلو,9
lappe,половина нута,لپه,9
lāzem dāštan (dār),"требовать, нуждаться",لازم داشتن,9
litr,литр,لیتر,9
lubiyā,фасоль,لوبیا,9
maqāzedār,владелец магазина,مقازدار,9
maxrutišekl,конический,مخروتیشکل,9
metr,"счетчик, -метр",متر,9
moštari,клиент,مشتری,9
mowz,банан,موز,9
nārengi,мандарин,نارنگی,9
nāxon,гвоздь,ناخن,9
noxod,"горох, нут",نخود,9
omid,надежда; ожидание,امید,9
onvān,название; подпись; заголовок,عنوان,9
pasandidan (pasand),нравиться,پسندیدن,9
paziroftan (pazir),"принять, согласиться",پذیرفتن,9
peste,фисташки,پسته,9
pezeški,медицинский,پزشکی,9
pišnahād ,предложение; рекомендация,پیشنهاد ,9
porseš,вопрос,پرسش,9
porteqāl,апельсин,پرتقال,9
poxtan (paz),повар,پختن,9
qābelero’yat,видимый,قابل رویت,9
qamgin,грустный; несчастный,غمگین,9
qašang,довольный; красивый,قشنگ,9
rāhat,удобный,راحت,9
šāer,поэт,شاعر,9
sabok,лёгкий,سبک,9
sabtšode,зарегистрированный,ثبت‌شده,9
sāf,"прозрачный, чистый",صاف,9
sag,собака,سگ,9
šenāxtan (šenās),знать,شناختن,9
šir,молоко,شیر,9
soāl,вопрос,سوال,9
tabii,"натуральный, естественный",طبیعی,9
tārixce,история,تاریخچه,9
tutfarangi,клубника,توتفرنگی,9
varaq zadan (zan),листать,ورق زدن,9
xās(s),"особенный, типичный",خاص,9
zerešk,барбарис,زرشک,9
āftāb,солнце,آفتاب,10
āšpazxāne,кухня,آشپزخانه,10
baqal-e,рядом с,بغلِ,10
baqaldast-e,рядом с,بغل‌دست,10
bāqi māndan (mān),оставаться,باقی ماندن,10
bāvar kardan (kon),верить,باور کردن,10
bāyad,"нужно, надо",باید,10
bāzdid,"посещение, визит",بازدید,10
belit,билет,بلیط,10
berenj,рис,برنج,10
bošqāb,тарелка,بشقاب,10
bufe,буфет; шкаф,بوف,10
cangāl,вилка,چنگال,10
cāqu,нож,چاقو,10
cešmnavāz,"выделяющийся, бросающийся в глаза",چشمنواز,10
cidan (cin),расставлять; рвать,چیدن,10
dahān,рот,دهان,10
dandān,зуб,دندان,10
dar bar gereftan (gir),включать в себя; содержать,در بر گرفتن,10
dis,пластина,دیس,10
donbāl āmadan (ā),следовать,دنبال آمدن,10
dorost kardan (kon),"готовить (пищу), делать, строить, ремонтировать",درست کردن,10
ehtemālan,вероятно,احتمالا,10
ejāze dādan (deh),"позволить, разрешить",اجازه دادن,10
emsāl,в этом году,امسال,10
emtehān kardan (kon),"проверять, тестировать",امتحان کردن,10
entexāb kardan (kon),выбирать,انتخاب کردن,10
fenjān,чашка,فنجان,10
guš kardan (kon),слышать; слушать,گوش کردن,10
hamānand,"как, подобно",همانند,10
hamrāh,1) спутник 2) вместе с,همراه,10
hamsāyegi,"соседство, близость",همسایگی,10
harce,что угодно,هرچه,10
harf,"слово, буква",حرف,10
havādār,"фанат, поклонник",هوادار,10
"hāzer šodan (šav, šow)",приготовьтесь,حاضر شدن,10
heyf,жалость,حیف,10
intowri,так,اینطوری,10
jow,ячмень,جو,10
kābinet,кабинет; шкаф,کابینت,10
kāfi,достаточно,کافی,10
kāmel,полный; завершенный; совершенный,کامل,10
kārd,нож,کارد,10
kāse,миска,کاسه,10
ketri,чайник,کتری,10
kohan,старый; древний,کهن,10
lab,губа,لب,10
lotf,любезность,لطف,10
māhi,рыба,ماهی,10
majbur,"вынужденный, обязанный",مجبور,10
māmān,мама,مامان,10
masalan,например,مثلا,10
mavād(d),материалы,مواد,10
"māyel budan (hast, bāš)",быть благосклонным к чему-то,مایل بودن,10
maze,вкус пищи,مزه,10
moqāyese,сравнение,مقایسه,10
mošaxxasāt,личные данные,مشخصات,10
"movāzeb budan (hast, bāš)","обращать внимание, быть внимательным",مواظب بودن,10
musiqi,музыка,موسیقی,10
nāgozir,"неизбежный, обязательный",ناگزیر,10
niyāz,нужно,نیاز,10
ojāq,"печь, духовка",اجاق,10
otāq-e nāhārxori,столовая,اتاق ناهارخوری,10
otobus,автобус,اتوبوس,10
ozrxāhi kardan (kon),извиняться,عذرخواهی کردن,10
pišdasti,плита,پیشدستی,10
polow,"плов, рис",پلو,10
qarār,договоренность,قرار,10
"qarār budan (hast, bāš)",на самом деле должен,قرار بودن,10
qasd dāštan (dār),намереваться,قصد داشتن,10
qāšoq,ложка,قاشق,10
qatār,поезд,قطار,10
qorub,закат,غروب,10
quri,чайник,قوری,10
rāh,путь,راه,10
rezerv kardan (kon),"бронировать, резервировать",رزرو کردن,10
safar,путешествие,سفر,10
sāhel,побережье,ساحل,10
"šāmel šodan (šav, šow)","содержать, включать",شامل شدن,10
šāyad,наверное,شاید,10
sini,поднос,سینی,10
soāl kardan (kon),спросить,سوال کردن,10
tahvil,доставка,تحویل,10
tamaddon,цивилизация,تمدن,10
tarjih dādan (deh),предпочитать,ترجیح دادن,10
tarkibāt-e qazāyi ,комбинации продуктов,ترکیبات قضایی ,10
tasmim dāštan (dār),намереваться,تصمیم داشتن,10
ta’tilāt,"праздник, каникулы",تعطیلات,10
tavānestan (tavān),может,توانستن,10
tolu’,восход солнца,طلوع,10
"xarāb šodan (šav, šow)","быть сломанным, разрушенным",خراب شدن,10
xošbu,"ароматный, душистый",خوشبو,10
xošmaze,(очень) вкусный,خوش‌مزه,10
xošrang,красивого цвета,خشرنگ,10
zamān,"время, период, момент",زمان,10
zarfšuyi,посудомоечная машина; мойка посуды,ظرفشویی,10
zud,"ранний, рано, быстро",زود,10
ābšār,водопад,آبشار,11
ādami,"кто-то, обобщенное лицо",آدمی,11
afsus,увы,افسوس,11
alāqe,пристрастие,علاقه,11
ārāmgāh,мавзолей,آرامگاه,11
ārenj,локоть,آرنج,11
arg,"замок, крепость",ارگ,11
asb,лошадь,اسب,11
atr,"духи, аромат, парфюм",عطر,11
āvāz,песня,آواز,11
āxarehafte,выходные,آخر‌هفته,11
āyande,будущий,آینده,11
bāq,"сад, дача",باغ,11
bāxtan (bāz),потерять,باختن,11
bejoz,кроме,بجز,11
be šomār āmadan (ā),подсчитывать,به شمار آمدن,11
bigāne,иностранный; иностранец,بیگانه,11
biš az,больше чем,بیش از,11
bu,запах,بو,11
cāyxāne,"чайный дом, чайхана",چایخان,11
dard āvardan (āvar),боль,درد آوردن,11
dišab,вчера вечером,دیشب,11
doroške,"повозка, экипаж",درشکه,11
"dowr-e ham jam’ budan (hast, bāš)",быть вместе,دوره هم جمع بودن,11
farāmušnašodani,незабываемый,فراموشنشدنی,11
farhangi,культурный,فرهنگی,11
ferestādan (ferest),отправить; послать,فرستادن,11
gardešgari,туризм,گردشگری,11
gorbe,кошка,گربه,11
gowjefarangi,помидор(ы),گوجه فرنگی,11
gozaštan (gozar),"пройти, перейти, простить",گذشتن,11
hammām,ванна; ванная комната,حمام,11
havij,морковь,هویج,11
hedye,подарок,هدیه,11
kāhu,салат-латук,کاهو,11
kāmiyon,грузовик,کامیون,11
kutāh,короткие,کوتاه,11
majalle,журнал,مجله,11
majmue,"набор, коллекция, комплекс",مجموعه,11
manāteq,"районы, области",مناطق,11
mast,пьяный,ماست,11
"mostaqar šodan (šav, šow)",оседать,مستقر شدن,11
naqqāši kardan (kon),краска,نقاشی کردن,11
nārenj,"померанец, грейпфрут",نارنج,11
nazdiki,близость,نزدیکی,11
pā,нога,پا,11
pā-ye telefon,по телефону,پای تلفن,11
pariruz,позавчера,پریروز,11
parišab,позавчера вечером; позавчера ночью,پریشب,11
"piyāde šodan (šav, šow)",сойти (с транспорта),پیاده شدن,11
piyāderow,тротуар,پیادرو,11
piyāz,лук,پیاز,11
pompbenzin,автозаправочная станция,پمپبنزین,11
porbāzdid,часто посещают,پربازدید,11
postxāne,почтовое отделение,پستخانه,11
pul,деньги,پول,11
qad(d),"размер, длина (в т.ч. тела)",قد,11
qāyeq,лодка,قایق,11
raqs,танец,رقص,11
ruberu(-ye),напротив (чего-либо),روبروی,11
ruznāme,газета,روزنامه,11
sāed,предплечье,ساعد,11
sālād,салат,سالاد,11
šāmpu,шампунь,شامپو,11
"savār šodan (šav, šow)",садиться (на транспорт),سوار شدن,11
sāxt,строительство; производство,ساخت,11
šekastan (šekan),перерыв,شکستن,11
šenā,плаванье,شنا,11
tavallod-at mobārak,с днем ​​рождения,تولدت مبارک,11
vān,ванна,وان,11
varzeš,спорт,ورزش,11
xiyār,огурец,خیار,11
xoš,"хороший, радостный",خوش,11
xoš gozaštan (gozar),хорошо провести время,خوش گذشتن,11
zādgāh,место рождения,زادگاه,11
zorrat,кукуруза,ذرت,11
A’rāb,арабы,عراب,12
ābma’dani,минеральная вода,آب‌معدنی,12
ābporteqāl,оранжевый сок,آبپرتقال,12
āli,высокий (ع___),عالی,12
amr,приказ,امر,12
ānconān,так,آنچنان,12
aslan,вообще (не),اصلا,12
asli,главный,اصلی,12
āxarin,последний,آخرین,12
barpā kardan (kon),"установить, настроить",برپا کردن,12
bāstān,древний,باستان,12
baxš,раздел; часть; отдел,بخش,12
be cāleš kešidan,вызов,به چالش کشیدن,12
be dast-e,по,به دستِ,12
be qodrat residan (res),прийти к власти,به قدرت رسیدن,12
cešmgir,впечатляющий,چشمگیر,12
dar extiyār dāštan (dār),"иметь, обладать",در اختیار داشتن,12
del xāstan (xāh),как,دل خاستن,12
din,религия,دین,12
dobāre,"снова, опять",دوباره,12
dovvom,второй,دوم,12
dowrān,эпоха; период; возраст,دوران,12
dowre,эпоха; курс; период,دوره,12
ehterām gozāštan (gozār),уважение,احترام گذاشتن,12
elmi,научный,علمی,12
emperāturi,империя,امپراتوری,12
eslāmi,исламский,اسلامی,12
eyālat,государство; область,ایالت,12
farmānravāyi,"империя, правление",فرمانروایی,12
gārson,официант,گارسون,12
gostareš,распространение,گسترش,12
guš dādan (deh),слышать; слушать,گوش دادن,12
gušt,мясо,گوشت,12
hālā,сейчас,حالا,12
hamle,атака,حمله,12
hamtā,"равный, подобный",همتا,12
hanuz,"пока, еще",هنوز,12
harruz,каждый день,هرروز,12
hendoorupāyi,индоевропейский,هند و اروپایی,12
hezāre,тысячелетие,هزاره,12
hodud-e,о,حدودِ,12
hokumat,правительство,حکومت,12
jahāni,глобальный,جهانی,12
kabāb,шашлык,کباب,12
kare,сливочное масло,کار,12
kuc,эмиграция; иммиграция,کوچ,12
lezzat bordan (bar),наслаждаться,لذت بردن,12
lotf kardan (kon),проявлять доброту,لطف کردن,12
maqduni,"македонский, македонец",مقدونی,12
marākez,центры,مراکز,12
marbut,"связанный с, имеющий отношение к",مربوط,12
marbut budan be,возвращаться к,مربوط بودن به,12
mariz,больной,مریض,12
markazi,центральный,مرکزی,12
meyl,желание,میل,12
meyl farmudan (farmā),есть; пить,میل فرمودن,12
miyāne,средний,میان,12
milād,рождение,میلاد,12
milādi,нашей эры,میلادی,12
mohājerat,эмиграция; иммиграция,مهاجرت,12
Moqol,"монгол, монгольский",مغول,12
mordan (mir),умереть,مردن,12
morq,"птица, курица",مرغ,12
moteassefāne,к сожалению,متاسفانه,12
negahdāri,"обслуживание, уход",نگهداری,12
nešāndan (nešān),"помещать, садить",نشاندن,12
nofuz,"проникновение, влияние",نفوذ,12
nušidani,пить,نوشیدنی,12
orupāyi,"европеец, европейский",اروپایی,12
pādšāhi,королевство,پادشاهی,12
pahnāvar,большой; широкий,پهناور,12
panir,сыр,پنیر,12
pārsāl,в прошлом году,پارسال,12
peydarpey,"последовательный, идущий друг за другом",پیدرپی,12
peydāyeš,внешний вид,پیدایش,12
pip,"трубка, свисток",پیپ,12
pišazin,прежде; предварительно,پیشزین,12
pišxedmat,официант,پیشخدمت,12
pors,часть,پرس,12
qablan,раньше,قبلا,12
qahve,кофе,قهوه,12
qarn,век,قرن,12
qodrat,мощность; сила,قدرت,12
qodratmand,мощный,قدرتمند,12
raftār,поведение,رفتار,12
rafte-rafte,постепенно,رفته‌رفته,12
rāndan (rān),1) прогонять 2) вести (автомобиль),راندن,12
residan (res),"приезжать, приходить, достигать",رسیدن,12
romi,"римлянин, римский",رومی,12
sade,столетие,ساده,12
šāhanšāhi,империя; имперский,شاهنشاهی,12
šarbat,щербет,شربت,12
šekast,поражение,شکست,12
selsele,династия,سلسله,12
sigār kešidan (keš),дым,سیگار کشیدن,12
šokufāyi,"бум, подъём",شکوفایی,12
sokunat kardan (kon),проживать,سکونت کردن,12
solte,превосходство,سلطه,12
šomār,номер; число,شمار,12
sosis,колбаска,سوسیس,12
surathesāb,"чек, счёт-фактура",صورتحساب,12
suratqazā,меню,سورتقزا,12
ta’sirgozār,эффективный,تاثیرگذار,12
ta’sis kardan (kon),"установить, основать",تاسیس کردن,12
tahājom,вторжение,تهاجم,12
talx,горький,تلخ,12
tārixnegār,историк,تاریخنگار,12
"taz’if šodan (šav, šow)",быть ослабленным,تضعیف شدن,12
vāqean,на самом деле,واقعا,12
xāme,сливки,خامه,12
xandedār,смешной,خنددار,12
xedmat,"обслуживание, сервис",خدمت,12
zang zadan (zan),кольцо,زنگ زدن,12
zānu,колено,زانو,12
zende,"живой, живо",زنده,12
zohur,внешний вид,ظهور,12
āfaridegār,"Бог, создатель",آفریدگار,13
Āfriqā,Африка,آفریقا,13
Ahriman,демон,اهریمن,13
āmuze,учения,آموز,13
andišmand,мыслитель,اندیشمند,13
angošt,палец,انگشت,13
asl,принцип; оригинал,اصل,13
"āšnā šodan (šav, šow)",познакомиться,آشنا شدن,13
Avestā,avesta,اوستا,13
āyin,культ; церемония,آیین,13
āzād,свободный,آزاد,13
āzād gozāštan (gozār),"позволить, разрешить",آزاد گذاشتن,13
ba’dan,впоследствии,بعدن,13
ba’di,последующий; дальнейший,بعدی,13
"balad budan (hast, bāš)","мочь, быть в состоянии",بلد بودن,13
bale,да,بله,13
barf,снег,برف,13
bāridan (bār),идти (дождь; снег),باریدن,13
bārik,тонкий,باریک,13
bāšad,хорошо,باشد,13
bozorgrāh,шоссе,بزرگراه,13
carxegušt,мясорубка,چرخگوشت,13
conin,"такой, подобный",چنین,13
daf’e,раз,دفعه,13
damāq,нос,دماغ,13
dastyābi,достижения; получение,دستیابی,13
doktor,врач,دکتر,13
dozd,вор; похититель; разбойник,دزد,13
ejbāri,обязательное,اجباری,13
ensān,человек,انسان,13
entexāb,"выбор, выборы",انتخاب,13
erāde,воля,اراده,13
eslāhtalab,реформатор; реформист,اصلاحطلب,13
ettefāq oftādan (oft),случиться,اتفاق افتادن,13
falsafe,философия,فلسفه,13
farāmuš kardan (kon),забывать,فراموش کردن,13
farār kardan (kon),сбежать,فرار کردن,13
filsuf,философ,فیلسوف,13
gārānti,гарантия,گارانتی,13
gerdāvari,сбор; сборник,گرداوری,13
girande,приемник,گیرنده,13
goftār,речь; слово,گفتار,13
gonde,большой; огромный,گنده,13
gozineš,выборы; выбор,گزینش,13
hargez,никогда,هرگز,13
hattā,даже,حتی,13
hendevāne,арбуз,هندوانه,13
hesābi,на самом деле; действительно,حسابی,13
hicciz,ничего,هیچچیز,13
hicvaqt,никогда,هیچوقت,13
hodudan,о,حدودا,13
inbār,на этот раз,اینبار,13
jam’āvari,сбор; компиляция,جمع‌آوری,13
kerdār,поведение,کردار,13
konun,в настоящее время,کنون,13
kuler,кондиционер,کولر,13
māhvāre,спутник,ماهواره,13
mardomān,люди,مردمان,13
māšin-e lebāsšuyi,стиральная машина,ماشین لباس‌شویی,13
maxlutkon,смеситель,مخلوتکن,13
mowjud,существо; в наличии; существующий,موجود,13
mowqe’,время,موقع,13
muš,мышь,موش,13
nabard,"борьба, состязание",نبرد,13
nik,хорошо,نیک,13
niki,доброта,نیکی,13
pahn,широкий,پهن,13
pakar,задумчивый,پکر,13
palid,"злой, грязный",پلید,13
pardāxtan (pardāz),"платить, осуществлять сделку",پرداختن,13
pazireš,принятие; прием,پذیرش,13
pendār,мысль; воображение,پندار,13
qarbi,западный,غربی,13
qelyān kešidan (keš),курить кальян,قلیان کشیدن,13
ranginkamān,радуга,رنگینکمان,13
sahne,сцена,صحنه,13
šart bastan (band),ставка,شرط بستن,13
šartbandi,ставка,شرط‌بندی,13
šekl,"рисунок, форма, внешний вид",شکل,13
šekl gereftan (gir),быть сформированным,شکل گرفتن,13
"šenidan (šenav, šenow)",заслушивать,شنیدن,13
šur,солёный,شور,13
suxtan (suz),гореть,سوختن,13
suzāndan (suzān),сжигать,سوزاندن,13
taālim,учение,تعالیم,13
ta’mir kardan (kon),ремонт,تعمیر کردن,13
ta’sir,влияние,تاثیر,13
tafsir ,интерпретация; комментарий,تفسیر ,13
tārik,темный,تاریک,13
tarjome,перевод,ترجمه,13
towzih dādan (deh),объяснять,توضیح دادن,13
xabar,весть,خبر,13
xāleq,создатель,خالق,13
xāmuš kardan (kon),выключать тушить,خاموش کردن,13
Xodā,Бог,خدا,13
xubi,доброта,خوبی,13
yād dādan (deh),"обучать, учить",یاد دادن,13
Yunān,греция,یونان,13
zabtesowt,магнитофон,زبتسوت,13
zistan (zi),жить,زیستن,13
āmpul,шприц,آمپول,14
āmpul zadan (zan),впрыскивать,آمپول زدن,14
andām,орган; тело,اندام,14
az qabil-e,такой как,از قبیلِ,14
bad,"плохой, плохо",بد,14
bād,ветер,باد,14
badan,тело,بدن,14
bārān,дождь,باران,14
bartar,"высший, лучший",برتر,14
bihessi,анестезия,بیحسی,14
binazir,уникальный; непревзойденный,بینظیر,14
bišomār,многочисленный,بیشمار,14
candvaqt,как долго,چندوقت,14
cexabar-ast,что происходит,چه‌خبر‌است,14
dandān-e kermxorde,кариозный зуб,دندان کرم‌خورده,14
dard,боль,درد,14
dard kardan (kon),боль,درد کردن,14
dāru,лекарство,دارو,14
dastgir,арестованный,دستگیر,14
davā,"препарат, лекарство",دوا,14
del,сердце,دل,14
deldard,боль в животе,دلدرد,14
derāz kešidan (keš),лежать,دراز کشیدن,14
dorošt,крупный,درشت,14
ehtemāl dāštan (dār),вероятно,احتمال داشتن,14
emtehān dādan (deh),сдать экзамен,امتحان دادن,14
eqāmat,остаться,اقامت,14
estekān,стакан,استکان,14
ettelā’,"информация, сообщение",اطلاع,14
fāsele,расстояние,فاصله,14
fešārxun,кровяное давление,فشارخون,14
fešārxun gereftan (gir),измерение артериального давления,فشارخون گرفتن,14
galu,"горло, шея",گلو,14
gardan,шея,گردن,14
gardandard,боль в шее,گردندرد,14
gerd-e ham āmadan (ā),собираться; объединяться,گرد هم آمدن,14
guš,ухо,گوش,14
gušdard,боль в ухе,گوشدرد,14
hālattahavvo’,тошнота,حالت تهوع,14
honari,художественный,هنری,14
jahāniyān,люди во всем мире,جهانیان,14
janbe,вид,جنبه,14
jeddi,серьезный,جدی,14
jelve,сияние,جلوه,14
kaf,пол,کف,14
kamar,поясница,کمر,14
kamardard,боль в спине,کمردرد,14
kāmelan ,полностью,کاملا ,14
kapsul,капсула,کپسول,14
kasif,грязный,کثیف,14
kāx,дворец,کاخ,14
kelisā,церковь,کلیسا,14
kešidan (keš),перетащить; тянуть; рисовать; красить,کشیدن,14
limu,лимон,لیمو,14
mālidan (māl),втирать,مالیدن,14
me’de,желудок,معده,14
me’dedard,боль в животе,معد درد,14
minākāri,эмаль,میناکاری,14
miniyātur,миниатюра,مینیاتور,14
moāyene,обследование,معاینه,14
moāyene kardan (kon),исследовать,معاینه کردن,14
mošāhede kardan (kon),"наблюдать, обозревать",مشاهده کردن,14
nāhiye,район,ناحیه,14
na’lbeki,блюдце,نعلبکی,14
namāyande ,"представитель, парламентарий",نماینده ,14
negārgari,картина,نگارگری,14
omidvār,многообещающий,امیدوار,14
owj,вершина; высота; пик,اوج,14
pādard,боль в ногах,پادرد,14
parde,занавес,پرده,14
pol,мост,پل,14
pomād,"мазь, помада",پماد,14
pust,кожа; оболочка,پوست,14
qarib,иностранный; зарубежный,غریب,14
qatre,"капля, капли",قطره,14
qors,таблетки; пилюля,قرص,14
raftoāmad,контакт; трафик,رفت‌وآمد,14
riz,тонкий; крошечный; маленький,ریز,14
šadid,тяжелый; радикальный,شدید,14
sāndevic,бутерброд,ساندویچ,14
sardard,головная боль,سردرد,14
šekam,живот,شکم,14
šekamdard,боль в животе,شکمدرد,14
sibzamini,картофель,سیبزمینی,14
sine,молочная железа; грудь,سینه,14
sinedard,боль в груди,سیندرد,14
tab,"жар, температура",تب,14
tagarg,град,تگرگ,14
tāze,новый,تازه,14
tufāni,штормовой,طوفانی,14
xātamkāri,инкрустация,خاتم‌کاری,14
xāter,память,خاطر,14
xirekonande,удивительный,خیره‌کننده,14
xis,мокрый,خیس,14
xošbaxtāne,к счастью,خوشبختانه,14
xošk,сухой,خشک,14
yax,лед,یخ,14
aks gereftan (gir),фотографировать;,عکس گرفتن,15
al’ān,теперь; в настоящее время,الان,15
andāze gereftan (gir),измерение,اندازه گرفتن,15
arzešmand,ценный,ارزشمند,15
asir,заключенный,اسیر,15
āzād kardan (kon),освобождать,آزاد کردن,15
badal,реплика; имитация,بدل,15
bāmodārā,терпимый,بامدارا,15
band,цепь; абзац; строка,بند,15
barnāme,"программа, передача",برنامه,15
bašar,человек; человечество,بشر,15
bāstānšenās,археолог,باستانشناس,15
bāzgardāni,возвращение,بازگردانی,15
bāzsāzi,восстановление; реконструкция,بازسازی,15
be armaqān āvardan (āvar),дать,به ارمغان آوردن,15
bejāymānde,оставшийся,بجای‌مانده,15
be narmi,мягко,به نرمی,15
Beritāniyā,великобритания,بریتانیا,15
bonyāngozār,основатель,بنیانگذار,15
da’vat kardan (kon),приглашать,دعوت کردن,15
darsad,процент,درصد,15
durbin,фотоаппарат,دوربین,15
e’lāmiye,"заявление, декларация",اعلامیه,15
ehterām,уважение,احترام,15
eštebāh gereftan (gir),ошибиться номером,اشتباه گرفتن,15
farmānravā,"правитель, суверен",فرمانروا,15
fāteh,"завоеватель, покоритель",فاتح,15
fath,"завоевание, победа",فتح,15
fāyede,выгода; полезность,فایده,15
"hāki budan az (hast, bāš)",доказательство,حاکی بودن از,15
hamdigar,друг друга,همدیگر,15
hamkār,коллега,همکار,15
hoquq,"права, юриспруденция, зарплата",حقوق,15
jān,"душа, дорогой (обращение)",جان,15
kanise,синагога,کنیسه,15
kārvānsarā,караван-сарай,کاروانسرا,15
kāvoš,раскопки; поиск,کاوش,15
laqab,"прозвище, звание",لقب,15
lezzat,наслаждение,لذت,15
mādaršowhar,теща,مادرشوهر,15
majles,"собрание, Меджлис",مجلس,15
manšur,устав,منشور,15
manzel,квартира,منزل,15
maqar(r),"основание, база, сиденье",مقر,15
matn,текст,متن,15
mehmāni,"вечеринка, банкет",مهمانی,15
melal,нации,ملل,15
mihan,родина,میهن,15
minibus,микроавтобус,مینیبوس,15
moddathā,долгое время,مدتها,15
mohaqqeq,ученый; исследователь,محقق,15
motealleq,принадлежащий,متعلق,15
mottahed,единый,متحد,15
"mozāhem šodan (šav, šow)",тревожить; беспокоить,مزاحم شدن,15
mu,волос,مو,15
mu zadan (zan),стричься,مو زدن,15
nāji,спаситель,ناجی,15
navāzande,музыкант,نوازند,15
negaristan (negar),"обозревать, рассматривать",نگریستن,15
niyāyešgāh,храм,نیایشگاه,15
olgu,модель; образец; шаблон,الگو,15
ostovāne,цилиндр,استوانه,15
pažuhešgar,научный сотрудник; ученый,پژوهشگر,15
peyqām gozāštan (gozār),оставить сообщение,پیغام گذاشتن,15
qasr,дворец,قصر,15
rahāyi,освобождение; свобода; выпуск,رهایی,15
rahāyibaxš,либерализация; освобождение,رهایی‌بخش,15
sābeqe,история; прошлое,سابق,15
sanad,документ,سند,15
sarāmad,наиболее значительный,سرامد,15
šavāhed,свидетельства,شواهد,15
sāxtan (sāz),строить; сделать; производить,ساختن,15
sāzmān,организация,سازمان,15
šekastxorde,побежденный,شکست خورده,15
sotudan (setā),"хвалить, прославлять",ستودن,15
tār,"тар, струна, нечеткий",تار,15
taxfif,скидка,تخفیف,15
Towrāt,тора,تورات,15
tuālet,туалет,توالت,15
vazn,вес,وزن,15
virānšode,разрушенный,ویران‌شده,15
xod,свой,خود,15
xodam,я сам,خودم,15
xodaš,он сам,خودش,15
xodat,ты сам,خودت,15
xodemān,мы сами,خودمان,15
xodešān,они сами,خودشان,15
xodetān,вы сами,خودتان,15
yād kardan (kon),упомянуть,یاد کردن,15
yunāni,греческий,یونانی,15
a’dād,числа,اعداد,16
ābohavāyi,климатический,آب‌و‌هوایی,16
ābresāni,водоснабжение,آبرسانی,16
ābyāri,орошение,آبیاری,16
abyāt,"стихи, четверостишия",ابیات,16
adabiyāt,литература,ادبیات,16
adad,число,عدد,16
ahdāf,цели,اهداف,16
ālem,ученый,عالم,16
amal,операция; акт; действие,عمل,16
āmuzande,информативный; учебный,آموزنده,16
anāsor,элементы,عناصر,16
"āqāz šodan (šav, šow)",начать,آغاز شدن,16
arqām,цифры,ارقام,16
āsānsor,лифт,آسانسور,16
aš’ār,стихи,اشعار,16
aškāl,цифры,اشکال,16
azbar,наизусть,آزبر,16
bāqsāzi,садоводство,باقسازی,16
bargerefte,из; взятый из,برگرفته,16
bāzgu kardan (kon),"повествовать, рассказывать",بازگو کردن,16
beyt,стих,بیت,16
camedān,чемодан,چمدان,16
dabirestān,средняя школа,دبیرستان,16
dar qadim,раньше,در قدیم,16
delsuz,сострадательный; милостивый,دلسوز,16
dotaxte,двуспальный,دو تخته,16
emzā,подпись,امضا,16
emzā kardan (kon),знак,امضا کردن,16
enqelābiyun,революционеры,انقلابیون,16
enteqād,критика,انتقاد,16
enteqādāt,критические замечания,انتقادات,16
eqāmat kardan (kon),остаться,اقامت کردن,16
eštebāh kardan (kon),ошибаться,اشتباه کردن,16
estefāde kardan (kon),использование,استفاده کردن,16
fanāvari,технология,فناوری,16
faqih,исламский юрист,فقیه,16
foqahā,исламские юристы,فقها,16
fosul,поры года,فصول,16
gozarnāme,паспорт,گذرنامه,16
hadaf,"цель, намеряние",هدف,16
hamsar,"супруг, супруга",همسر,16
hargāh,когда,هرگاه,16
harvaqt,когда,هروقت,16
hekāyāt,"байки, истории",حکایات,16
horuf,буквы,حروف,16
hušmandāne,умный,هوشمندانه,16
jāhān,мир,جاهان,16
jangal,лес,جنگل,16
kalamāt,слова,کلمات,16
kārbord,применение; использование,کاربرد,16
madāres,школы,مدارس,16
manābe’,источники,منابع,16
manba’,источник,منبع,16
mas’ale,"задача, проблема",مساله,16
mas’ul,ответственность,مسئول,16
masāel,проблемы,مسائل,16
mavāred,случаи,موارد,16
mavāze’,позиции,مواضع,16
mirās,наследие; наследование,میراث,16
mivejāt,фрукты,میوجات,16
moallemin,учителя,معلمین,16
molāhezāt,соображения,ملاحظات,16
molāheze ,рассмотрение; наблюдение,ملاحظه ,16
mowred,случай,مورد,16
mowze’,положение,موضع,16
moxālef,"противник, оппонент",مخالف,16
moxālefin,соперники,مخالفین,16
nām bordan (bar),упоминать,نام بردن,16
namād,символ,نماد,16
olamā,ученые,علما,16
onsor,элемент,عنصر,16
pāsoxguyi,подотчетность; ответственность,پاسخگویی,16
pāsport,паспорт,پاسپورت,16
por,полный,پر,16
qorun,века,قرون,16
rais,глава; директор,رئیس,16
rāhnamāyi kardan (kon),"вести, инструктировать",راهنمایی کردن,16
rāhrow,коридор,راهرو,16
raqam,цифра,رقم,16
roasā,руководители; директора,روسا,16
sabk,стиль,سبک,16
sabzi,овощи,سبزی,16
sabzijāt,овощи,سبزیجات,16
šāgerd,ученик,شاگرد,16
sālon,зал; салон; гостиная,سالن,16
sālon-e qazāxori,столовая,سالن غذاخوری,16
sāmāne,система,سامان,16
šarāyet,условия,شرایط,16
sāreq,вор,سارق,16
sāreqin,воры,سارقین,16
saxt,трудный; тяжелый,سخت,16
sāxtemān,здание,ساختمان,16
še’r,стихотворение; поэзия,شعر,16
sepāsgozār,благодарный,سپاسگزار,16
setaxte,трехместный номер,سه‌تخته,16
šive,способ; стиль,شیوه,16
šoarā,поэты,شعرا,16
šohrat,слава,شهرت,16
tabaqe,этаж,طبقه,16
tah-e,в конце,ته,16
taht-e ta’sir,находящийся под воздействием,تحتِ تاثیر,16
tariq,путь,طریق,16
tarrāhi,"разработка, планирование",طراحی,16
tavānāyi,способность,توانایی,16
telefoni,по телефону,تلفنی,16
vazāyef,обязанности,وظایف,16
vāže,слово (و___),واژه,16
vazife,обязанность,وظیفه,16
vazifešenās,покорный,وزیفشناس,16
xalife,халиф,خلیفه,16
xolafā,халифы,خلفا,16
yektaxte,односпальная кровать,یکتخته,16
zowq,вкус,ذوق,16
agar,если,اگر,17
agarce,хотя,اگرچه,17
alāve bar in,кроме того,علاوه بر این,17
āmāde,готовый,آماده,17
ammā,но,اما,17
āntaraf,там,آنطرف,17
āšqāl,мусор,آشغال,17
az ānjā ke,потому что,از آنجا که,17
az in jahat,поэтому,از این جهت,17
az in ru,поэтому,از این رو,17
az mowqe-i ke,поскольку,از موقی که,17
az vaqt-i ke,поскольку,از وقت‌ای که,17
āžāns,агентство,آژانس,17
bā ān ke,хотя,با آن که,17
bā in hāl,тем не менее,با این حال,17
bā in vojud,тем не менее,با این وجود,17
bā vojud-e in,тем не менее,با وجودِ این,17
bā vojud-e in ke,хотя,با وجود این که,17
ba’d az in ke,после,بعد از این که,17
balke,но,بلکه,17
banā bar in,поэтому,بنا بر این,17
bānešāt,живой,بانشاط,17
barā-ye in ke,чтобы,برای این که,17
bargozidan (gozin),выбрать,برگزیدن,17
be dalil-e ān ke,потому что,به دلیل آن که,17
be in dalil,по этой причине,به این دلیل,17
be jā-ye ān ke,вместо,به جای آن که,17
be jā-ye in ke,вместо,به جای این که,17
be sabt residan (res),быть зарегистрированным,به ثبت رسیدن,17
be šart-e in ke,"при условии, что",به شرطِ این که,17
be xāter-e in ke,потому что,به خاطر این که,17
bed-in tartib,таким образом,بدین ترتیب,17
bed-in vasile,при этом,بدین وسیله,17
be dun-e inke,без того чтобы,به دونِ اینکه,17
bi ān ke,без того чтобы,بی آن که,17
binande,зритель,بیننده,17
ceciz,какие,چچیز,17
cešme,источник,چشم,17
conānce,если,چنانچه,17
conke,поэтому,چونکه,17
dar hāl-i ke,в то время как,در حال‌ای که,17
dar natije,в результате,در نتیجه,17
dar surat-i ke,в то время как,در صورتی که,17
darmāni,терапевтический,درمانی,17
ehsās kardan (kon),чувствовать,احساس کردن,17
en’ekās,отражение,انعکاس,17
eqtesādi,экономической,اقتصادی,17
ešterāk,подписка,اشتراک,17
forudgāh,аэропорт,فرودگاه,17
garce,хотя,گرچه,17
gāzdār,карбонизированный,گازدار,17
gitār,гитара,گیتار,17
hal kardan (kon),"решить, прийти к выводу",حال کردن,17
haminke,как только,همینکه,17
harsāl,ежегодно,هرسال,17
hengām-i ke,пока,هنگام‌ای که,17
hezārān,тысячи,هزاران,17
hicgāh,никогда,هیچگاه,17
howzce,бассейн,حوضچه,17
jenāb,превосходство,جناب,17
kalsiyom,кальций,کلسیم,17
kilumetr,километр,کیلومتر,17
kuhestān,горы,کوهستان,17
lāye,уровень,لایه,17
masāref,"применения, использования",مصارف,17
moqābel-e,"визави, напротив",مقابلِ,17
mošābeh,аналогичный,مشابه,17
moškelāt,трудности,مشکلات,17
moštarek,общий; подписчик,مشترک,17
motorsiklet,мотоцикл,موتورسیکلت,17
na tanhā,не только,نه تنها,17
nur,свет,نور,17
parvāz,полет,پرواز,17
pas az in ke,после,پس از این که,17
piš az in ke,перед тем,پیش از این که,17
pormašqale,очень занят,پرمشغله,17
pornešāt,живой,پرنشاط,17
qābeletavajjoh,примечательный,قابل‌توجه‎‎,17
qabl az in ke,перед тем,قابل از این که,17
qesmat,"часть, доля",قسمت,17
rāhāhan,железная дорога,راهاهن,17
rangin,красочный,رنگین,17
rosubāt,отложения,رسوبات,17
rosubi,осадочный,رسوبی,17
sang,камень,سنگ,17
"sarāzir šodan (šav, šow)",стекать,سرازیر شدن,17
sarehāl,"здоровый, подтянутый",سرحال,17
šarif,почетный,شریف,17
šarqi,восточный,شرقی,17
šart,условие,شرط,17
sarzende,живой,سرزنده,17
satl,ведро,سطل,17
sāyerowšan,контрастность,سایروشن,17
šegeftangiz,замечательный,شگفت‌انگیز,17
šegeftzade,пораженный,شگفت‌زده,17
sen(n),возраст,سن,17
šomāretelefon,номер телефона,شمارتلفن,17
tābeš,радиация,تابش,17
tabiat,природа,طبیعت,17
tāksiservis,компания такси,تاکسیسرویس,17
talāyi,золотой,طلایی,17
tamannā kardan (kon),спросить,تمنا کردن,17
tamrin kardan (kon),практика,تمرین کردن,17
taqāzā kardan (kon),"спросить, попросить",تقاضا کردن,17
tartib,заказ,ترتیب,17
tašrif bordan (bar),идти,تشریف بردن,17
termināl,терминал,ترمینال,17
toršoširin,сладко-кислый,ترششیرین,17
vagarna,в противном случае,وگرنه,17
vaqt-i ke,в то время как,وقت‌ای که,17
varzeškār,спортсмен,ورزشکار,17
xiš,сам по себе,خیش,17
xoršid,солнце (خ___),خورشید,17
yeknavāxt,скучный; монотонный,یکنواخت,17
zirā,потому что,زیرا,17
zirāke,потому что,زیرا که,17
anbāri,"кладовая, подсобка",انباری,18
āpārtemān,квартира,آپارتمان,18
āšnā kardan (kon),знакомить,آشنا کردن,18
asnād,документы,اسناد,18
āyine,зеркало,آیینه,18
azemat ,"величина, величие",عظمت ,18
ba’d,после,بعد,18
bāqimānde,отдых,باقیمانده,18
barābari,равенство,برابری,18
barande,победитель,برنده,18
barde,"раб, рабыня",برده,18
barjeste,выдающийся,برجسته,18
"barxordār budan (hast, bāš)","иметь, обладать",برخوردار بودن,18
bāzande,проигравший,بازنده,18
be ātaš kešidan (keš),жечь,به آتش کشیدن,18
be hesāb āmadan (ā),подсчитывать,به حساب آمدن,18
bedastāmade,полученный; достигнутый,به‌دست‌آمده,18
bihamtā,уникальный; несравненный,بیهمتا,18
bikār,безработный,بیکار,18
conān,так; например; такой,چنان,18
dabestān,начальная школа,دبستان,18
darvāze,ворота,دروازه,18
dastšuyi,умывальник; туалет,دستشویی,18
dehkade,деревня,دهکده,18
eslāh kardan (kon),"брить; улучшить, исправить",اصلاح کردن,18
ettelāāt,информация,اطلاعات,18
fahmidan (fahm),понимать,فهمیدن,18
feqdān,отсутствие,فقدان,18
fer zadan (zan),сделать завивку,فر زدن,18
gerye kardan (kon),крик,گریه کردن,18
"gom šodan (šav, šow)",потеряться,گم شدن,18
gomšode,"потерянный, отсутствующий",گمشده,18
govāhi,"свидетельство, доказательство, свидетель",گواهی,18
guše,угол,گوشه,18
hekāyat kardan (kon),"свидетельствовать, сообщать",حکایت کردن,18
howle,полотенце,حوله,18
istādan (ist),"стоять, остановиться",ایستادن,18
jalb-e tavajjoh kardan (kon),привлечь внимание,جالب توجه کردن,18
jang,война,جنگ,18
kutāh kardan (kon),укорачивать,کوتاه کردن,18
"mahsub šodan (šav, šow)",считаться,محسوب شدن,18
maqsad,пункт назначения,مقصد,18
masāhat,"область, зона",مساحت,18
masir,"маршрут, путь",مسیر,18
model,модель,مدل,18
morattab kardan (kon),"прибирать, упорядочивать",مرتب کردن,18
nāciz,немного; незначительный,ناچیز,18
nahv,путь,نحو,18
noqāt,"точки, области",نقاط,18
pāre-i,некоторые,پاره‌ای,18
pārking,парковка,پارکینگ,18
pāyegozār,основатель,پایگزار,18
pellekān,лестница,پلکان,18
qablān,"уже, раньше",قبلان,18
qedmat,возраст,قدمت,18
rudxāne,река,رودخانه,18
šāgerdavval,лучший ученик,شاگرد اول,18
šāhanšāh,царь царей; король,شاهنشاه,18
šāhkār,шедевр,شاهکار,18
sangnevešte,надпись,سنگ نوشته,18
sāyer-e,другой,سایرِ,18
sešuār kešidan (keš),сушить волосы феном,سشوار کشیدن,18
soxan goftan (gu),говорить; сказать,سخن گفتن,18
takmil kardan (kon),полный,تکمیل کردن,18
talfiq,сборник,تلفیق,18
ta’mirkār,механик,تعمیرکار,18
taqdim kardan (kon),"подарить, посвятить",تقدیم کردن,18
tārixdān,историк,تاریخدان,18
tašakkor,спасибо,تشکر,18
tasāvir,изображения,تصاویر,18
tasvir,картина,تصویر,18
vālā,высокая,والا,18
vaqt-e qabli,назначение,وقتِ قبلی,18
vaqt gereftan (gir),назначить встречу,وقت گرفتن,18
vasāyel-e naqliye,транспортные средства,وسایل نقلیه,18
vilā,вилла; бунгало,ویلا,18
xarāb kardan (kon),уничтожить; ломать,خراب کردن,18
xat(t),"письменность, штрих, линия",خط,18
xunrizi,кровотечение; кровопролитие,خونریزی,18
yādgāri,"сувенир, память, напоминание",یادگاری,18
zahmat,"труд, усилие",زحمت,18
adabi,литературный,ادبی,19
ādi,"обычный, нормальный",عادی,19
afsānei,мифический,افسانه‌ای,19
āhangar,кузнец,آهنگر,19
aks,"фото, снимок",عکس,19
arabi,арабский,عربی,19
asil,"оригинальный, классический",اصیل,19
az in jahat ke,потому что,از این جهت که,19
bā in ke,хотя,با این که,19
bā vojud-i ke,хотя,با وجود‌ای که,19
bas,достаточно,بس,19
bas-i,"много, очень",بسی,19
be ellat-e in ke,потому что,به علت این که,19
be towr-i ke,так что,به طور‌ای که,19
bekārrafte,используемый,به‌کاررفته,19
bidār,бодрствующий,بیدار,19
cāhārruze,четыре дня,چاهارروزه,19
candruze,сколько дней; несколько дней,چندروزه,19
casbāndan (casbān),палка,چسباندن,19
cerāke,потому что,چراکه,19
dahhā,десятки,ده‌ها,19
dar surat-i ke,в случае,در صورتی که,19
dargozaštan (gozar),умереть,درگذشتن,19
dāstān,история; рассказ,داستان,19
dāstān-e āšeqāne,история любви,داستان عاشقانه,19
davāzdahsālegi,возраст двенадцати лет,دوازدهسالگی,19
dusti,дружба,دوستی,19
ebrat gereftan (gir),"учить, учить уроки",عبرت گرفتن,19
etminān,доверие,اطمینان,19
faryād zadan (zan),кричать,فریاد زدن,19
fāyede,"выгода, преимущество",فایده,19
ferestande,отправитель,فرستنده,19
geram,грамм,گرم,19
giyāhxār,вегетарианец,گیاهخوار,19
had(d),ограничение; степень,حد,19
hamāse,эпос,حماسه,19
hamvāre,всегда,همواره,19
harcand,хотя,هرچند,19
harf zadan (zan),говорить,حرف زدن,19
haštādsālegi,возраст восьмидесяти лет,هشتادسالگی,19
hazine,стоимость; расходы; плата,هزینه,19
jāvidān,"вечный, бессмертный",جاویدان,19
jazire,остров,جزیره,19
kādo,подарок,کادو,19
kešti,корабль,کشتی,19
kod-e posti,почтовый индекс,کد پستی,19
kudaki,детство,کودکی,19
lagad,"пинок, удар",لگد,19
madyun budan (has; bāš),"благодарить, оставаться в долгу",مدیون بودن,19
māhitābe,сковорода,ماهیتابه,19
mašhur,знаменитый,مشهور,19
mohkam,"трудный, твёрдый",محکم,19
musiqi-ye pāp,поп-музыка,موسیقی پاپ,19
musiqidān,музыкант,موسیقیدان,19
navāzandegi,музыкальная способность,نوازندگی,19
nazd-e,в,نزد,19
nimetārixi,полуисторичный,نیمتاریخی,19
pākat-e nāme,конверт,پاکت نامه,19
pišraft,прогресс,پیشرفت,19
post,сообщение,پست,19
post-e sefāreši,заказная почта,پستِ سفارشی,19
qāblame,горшок,قابلمه,19
qāleb,"форма, шаблон, формат",غالب,19
qam,печаль,غم,19
ranj bordan (bar),страдать,رنج بردن,19
šādi,счастье; радость,شادی,19
sāket,тихий,ساکت,19
sandoq-e post,почтовый ящик,صندوق پست,19
šarik,партнер,شریک,19
šaxsiyat,характер; личность,شخصیت,19
sāz,музыкальный инструмент,ساز,19
seri,серия,سری,19
sorāyande,поэт,سراینده,19
sorudan (sorā),"сочинять, петь",سرودن,19
taht-e ta’sir qarār gereftan (gir),оказываться под впечатлением,تحت تاثیر قرار گرفتن,19
tahvil dādan (deh),"доставить, вручить",تحویل دادن,19
tambr,печать,تمبر,19
tasallot,"господство, властвование",تسلط,19
tasmim gereftan (gir),принять решение; решить,تصمیم گرفتن,19
towr,способ,طور,19
"vāmdār budan (hast, bāš)","благодарить, оставаться в долгу",وامدار بودن,19
vāzeh,ясно,واضح,19
xābidan (xāb),сон,خوابیدن,19
xašmgin,гневный,خشمگین,19
yekxorde,немного,یکخرده,19
zarrebin,увеличительное стекло,ذره‌بین,19
zowqzade,возбужденный; радостный,ذوق‌زده,19
a’sār,возраст,اعصار,20
ālgoritm,алгоритм,آلگریتم,20
alkol,алкоголь,الکل,20
andiše,мысль; идея,اندیشه,20
arz,"ширина, широта, валюта",عرض,20
arzeš,"значение, цена",ارزش,20
asid,кислота,اسید,20
az miyān-e,"через, среди",از میانِ,20
ba’di,"следующий, последующий",بعدی,20
bābā,папа,بابا,20
bāje,счетчик,باجه,20
"bālā raftan (rav, row)","расти, подниматься",بالا رفتن,20
bānk,банк,بانک,20
barjāy gozāštan (gozār),отпуск,برجای گذاشتن,20
bayān kardan (kon),"выразить, сказать",بیان کردن,20
cekpul,дорожный чек,چکپول,20
dāneš,"знание, наука",دانش,20
dānešnāme,энциклопедия,دانشنامه,20
daqiq,точный,دقیق,20
"dastbekār šodan (šav, šow)",начать работать,دست‌به‌کار شدن,20
dastekam-at,"как минимум, по меньшей мере",دستکمت,20
elm,наука,علم,20
emruzi,современный,امروزی,20
entezār,ожидание,انتظار,20
eskenās,"банкнота, бумажные деньги",اسکناس,20
eslāh,коррекция,اصلاح,20
ettefāqi,случайный,اتفاقی,20
falsafi,философский,فلسفی,20
gāhšomāri,календарь,گاهشماری,20
gozāšte,прошлое,گذاشته,20
gugerd,сера,گوگرد,20
hakimāne,мудрый,حکیمانه,20
hamcon,как,همچون,20
harif,"противник, конкурент",حریف,20
hendi,"хинди, индийский, Индус",هندی,20
jabr,алгебра,جبر,20
joqrāfi,география,جغرافی,20
joqrāfidān,географ,جقرافیدان,20
jowhar,"вещество, чернила, кислота",جوهر,20
kašf,открытие,کشف,20
kašf kardan (kon),"выяснить, обнаружить",کشف کردن,20
kollan,"в целом, полностью",کلا,20
lahze,момент,لحظه,20
larzidan (larz),дрожать,لرزیدن,20
Lātin,"латинский, латинянин",لاتین,20
logāritm,логарифм,لگاریتم,20
ma’danšenāsi,минералогия,معدن‌شناسی,20
mafāhim,понятия,مفاهیم,20
mahd,колыбель,مهد,20
me’yār,"стандарт, критерий",معیار,20
"montazer šodan (šav, šow)",ждать,منتظر شدن,20
movāfeq budan (hast; bāš),согласны,موافق بودن,20
movarrex,историк,مورخ,20
nāmidan (nām),"обозначать, именовать, звать",نامیدن,20
navābeq,гении,نوابغ,20
negāh kardan (kon),смотреть,نگاه کردن,20
nerx,"ставка, обменный курс",نرخ,20
nesbat dādan (deh),приписывать,نسبت دادن,20
nozul kardan (kon),тонуть,نزول کردن,20
olum,науки,علوم,20
pažuheš,"исследование, изучение",پژوهش,20
pāyin āmadan (ā),"падать, тонуть",پایین آمدن,20
pur,сын,پور,20
pušide,"покрытый, изношенный",پوشید,20
qavi,сильный,قوی,20
qeymat,цена,قیمت,20
Qorun-e Vostā,средневековье,قرون وسطا,20
qowl dādan (deh),обещание,قول دادن,20
"rad šodan (šav, šow)","пройти, потерпеть неудачу",رد شدن,20
resāle,"трактат, диссертация",رساله,20
riyāzidān,математик,ریاضیدان,20
riše,корень,ریشه,20
robāiyāt,четверостишия,رباعیات,20
sāde,простой,ساده,20
šāns āvardan (āvar),"иметь удачу, эрг. везти",شانس آوردن,20
šāxe,ветвь,شاخه,20
šerkat kardan (kon),участвовать,شرکت کردن,20
setārešenās,астроном,ستارشناس,20
šimidān,химик,شیمیدان,20
šoluq,"шумный, шумно",شلوغ,20
ta’lif kardan (kon),"составлять, писать",تعلیف کردن,20
tabdil kardan (kon),"обменять, преобразовать",تبدیل کردن,20
talaffoz,произношение,تلفظ,20
taqvim,календарь,تقویم,20
taraqqi kardan (kon),"расти, прогрессировать",ترقی کردن,20
xadamāt-e arzi ,услуги обмена валюты,خدمات ارزی ,20
xalvat,"пустой, пустынный",خلوت,20
yax zadan (zan),замораживаться,یخ زدن,20
zaif,слабый,ضعیف,20
zamine,"тема, контекст",زمینه,20
āheste,"тихий, медленный",آهسته,21
āref,мистик,عارف,21
ārefāne,мистический,عارفانه,21
aš’ār,стихи,اشعار,21
axlāqi,"нравственный, моральный",اخلاقی,21
ayādat,"посещение, навещение",عیادت,21
bad āmadan (ā),"не любить, испытывать отвращение",بد آمدن,21
bašariyat,человечество,بشریت,21
bedunetavaqqof,"без остановок, прямиком",بدون توقف,21
be jor’at,"конечно же, наверняка",به جرات,21
bel’axare,в конце концов,بالاخره,21
belit-e raft,билет в один конец,بلیتِ رفت,21
bibarnāmegi,"беспорядок, путаница",بیبرنامگی,21
bustān,парк (ب___),بوستان,21
cāre,"средство от чего-либо, альтернатива",چاره,21
"dar dastres budan (hast, bāš)",быть в распоряжении,در دسترس بودن,21
da’vat kardan (kon),приглашать,دعوت کردن,21
dirine,"старый, древний",دیرینه,21
divān,сборник стихов,دیوان,21
divānegi,безумие,دیوانگی,21
ensāndusti,гуманитарный,انساندوستی,21
ettefāq ,"происшествие, событие",اتفاق ,21
"farāmuš šodan (šav, šow)",быть забытым,فراموش شدن,21
farāmuškār,забывчивый,فراموشکار,21
farāmuškāri,забывчивость,فراموشکاری,21
fowran,немедленно,فورا,21
"garm šodan (šav, šow)",согреться,گرم شدن,21
gerye gereftan (gir),расплакаться,گریه گرفتن,21
golestān,"цветник, розарий",گلستان,21
hassās,чувствительный,حساس,21
hekāyat ,"басня, история",حکایت ,21
howlhowlaki,наскоро,هولهولکی,21
jāduyi,"волшебный, магический",جادویی,21
jahl,невежество,جهل,21
jam’an,в целом,جمعا,21
javāni,молодежь,جوانی,21
jok,шутка,جوک,21
ma’navi,"духовный, моральный",معنوی,21
mahbub,"любимый, популярный",محبوب,21
maqām,"положение, статус, ранг",مقام,21
meh,туман,مه,21
nāgahān,внезапно,ناگهان,21
"nahādan (nah, neh)","ставить, класть",نهادن,21
nazar,мнение,نظر,21
nešāndan (nešān),помещать,نشاندن,21
noqte,точка,نقطه,21
panjšanbešab,четверг вечером,پنجشنبشب,21
parvāz-e xāreji,международный рейс,پروازِ خارجی,21
pišāmad,"инцидент, событие",پیشامد,21
porkār,трудолюбивый,پرکار,21
pormājarā,предприимчивый,پرماجرا,21
qazal,"сонет, лирическая поэма",غزل,21
raftobargašt,путешествие туда и обратно,رفتبرگشت,21
rānandegi kardan (kon),ехать на машине,رانندگی کردن,21
riyākāri,"фальшивость, лицемерие",ریاکاری,21
rox dādan (deh),"случиться, произойти",رخ دادن,21
Rum,рим,روم,21
sābeq,бывший,سابق,21
"sard šodan (šav, šow)",простудиться,سرد شدن,21
setiz,"столкновение, бой",ستیز,21
šifte,очарованный,شیفته,21
soxan,"речь, слово",سخن,21
tā konun,"до сих пор, ещё",تا کنون,21
taassob,"фанатизм, догма",تعصب,21
talāš,усилия,تلاش,21
tamannā,"желание, пожелание",تمنا,21
tarsnāk,"страшный, ужасный",ترسناک,21
tavaqqof,"остановка, стоянка",توقف,21
tond,быстрый,تند,21
xāb bordan (bar),засыпать,خواب بردن,21
xāheš,просьба,خواهش,21
xande gereftan (gir),рассмеялся,خنده گرفتن,21
xandidan (xand),смех,خندیدن,21
xorāndan (xorān),подача,خوراندن,21
xordsāli,детство,خردسالی,21
xoš āmadan (ā),"приветствовать, быть радым кому-то",خوش آمدن,21
yād āmadan (ā),"запомнить, вспомнить",یاد آمدن,21
yād oftādan (oft),"запомнить, вспомнить",یاد افتادن,21
"yād raftan (rav, row)",забывать,یاد رفتن,21
yavāš,медленный,یواش,21
yekdaf’e,"внезапный, неожиданный",یکدفعه,21
zarbe,"удар, воздействие",ضربه,21
zarbolmasal,"пословица, притча",ضرب المثل,21
abri,облачный,ابری,22
āftābi,солнечный,آفتابی,22
amudi,вертикальный,عمودی,22
āmuzeš didan (bin),быть обученным,آموزش دیدن,22
ārezu kardan (kon),желать,آرزو کردن,22
asbsavāri,верховая езда,اسب‌سواری,22
āsiyāyi,азиатка,آسیایی,22
axlāq,мораль,اخلاق,22
bānovān,дамы,بانوان,22
bar gardāndan (gardān),"повернуть, вернуть, перевести",بر گرداندن,22
basketbāl,баскетбол,بسکتبال,22
be onvān-e,для,به عنوانِ,22
beynolmelali,международный,بین المللی,22
be zudi,"скоро, в ближайшее время",به زودی,22
cowgān,поло,چوگان,22
damā,температура,دما,22
dar atrāf-e,вокруг,در اطرافِ,22
daraje-ye sāntigerād ,градус Цельсия,درجهٔ سانتیگراد ,22
dārande,владелец,دارنده,22
dastgir kardan (kon),"захватить, арестовать",دستگیر کردن,22
dast yāftan (yāb),достигать,دست یافتن,22
dastgiri,"захват, арест",دستگیری,22
doktorā,докторская степень,دکترا,22
dosevvom,две трети,دو سوم,22
došman,враг,دشمن,22
dozdi,"кража, грабеж",دزدی,22
elekteriki,электрический,الکتریکی,22
emkānāt,возможности,امکانات,22
farāham kardan (kon),"закупать, обеспечивать",فراهم کردن,22
futsāl,крытый футбол,فوتسال,22
gerāmi,дорогой,گرامی,22
geyt,ворота,گیت,22
golzani,забитые голы,گلزنی,22
hālat,"состояние, положение, тип",حالت,22
hamaknun,"теперь, в настоящее время",همکنون,22
imeni,безопасность,ایمنی,22
jahānpahlevān,чемпион мира,جهانپهلوان,22
jām-e jahāni,кубок мира,جامِ جهانی,22
jāsus,шпион,جاسوس,22
javānmard ,"благородный, рыцарский",جوانمرد ,22
kamarband-e imeni,ремень безопасности,کمربندِ ایمنی,22
kārt-e parvāz,посадочный талон,کارتِ پرواز,22
koštan (koš),убить,کشتن,22
košti,борьба,کشتی,22
kuhestāni,гористый,کوهستانی,22
lavāzem ,принадлежности,لوازم ,22
mahalle,квартал,محله,22
matlab,тема,مطلب,22
moāmele,"бизнес, сделка",معامله,22
mosābeqāt,"соревнования, игры",مسابقات,22
mosāfer,"путешественник, пассажир",مسافر,22
motesaddi,должностное лицо,متصدی,22
movaffaqiyat,успех,موفقیت,22
mowzu’,"тема, тематика, вопрос",موضوع,22
namāyeš ,"предстваление, игра",نمایش ,22
otomobilrāni,автоспорт,اتومبیلرانی,22
pahlevān,богатырь,پهلوان,22
poštesar,за,پشتسر,22
poštesar gozāštan (gozār),оставить позади,پشت سر گذاشت,22
qahremān,"чемпион, герой",قهرمان,22
qahremāni,"чемпионство, геройство",قهرمانی,22
qeyrenezāmi,гражданский,غیرنظامی,22
rābete,"связь, отношение",رابطه,22
rāh yāftan (yāb),достигать,راه یافتن,22
rahgozar,прохожий,رهگذر,22
raqib,конкурент,رقیب,22
rekord,запись,رکورد,22
robudan (robā),"похитить, ограбить",ربودن,22
sākdasti,ручнай кладь,ساکدستی,22
sanginvazn,тяжелый вес,سنگینوزن,22
sarmehmāndār,старшая стюардесса,سرمهماندار,22
saxrenavardi,скалолазание,سخرنوردی,22
sefr,ноль,صفر,22
šerkat,фирма,شرکت,22
sud,"прибыть, выгода",سود,22
surat gereftan (gir),иметь место,صورت گرفتن,22
tark kardan (kon),отпуск,ترک کردن,22
tavajjoh,внимание,توجه,22
tavassot-e,"через, посредством",توسطِ,22
te’dād,"число, подсчёт",تعداد,22
tebq-e,согласно,طبقِ,22
tim,команда,تیم,22
tirandāzi,"стрельба из лука, стрельба",تیراندازی,22
vālibāl,волейбол,والیبال,22
varzeš-e razmi,боевые искусства,ورزشِ رزمی,22
vaznebardāri,тяжелая атлетика,وزنبرداری,22
vojud,наличие,وجود,22
xodrow,автомобиль,خودرو,22
xošāmad goftan (gu),добро пожаловать,خوشامد گفتن,22
zarar,убыток,ضرر,22
āhanin,железо,آهنین,23
āmuxtan (āmuzeš),"учить, учиться",آموختن,23
āni,мгновенный,آنی,23
ārezu,желание,آرزو,23
asbābbāzi,игрушка,اسباب‌بازی,23
avvaliye,первичный; предварительный; изначальный,اولی,23
āzādi,свобода,آزادی,23
bānd,багажный ремень; лента; рулонная повязка,باند,23
bāqbān,садовник,باغبان,23
bardāšt,впечатление,برداشت,23
bastan (band),закрыть; завернуть; запирать,بستن,23
bātajrobe,опытный,باتجربه,23
bāz kardan (kon),открыть; распаковывать,باز کردن,23
bāzikon,игрок,بازیکن,23
bāzpors,задающий вопрос,بازپرس,23
be zamin nešastan (nešin),земля,به زمین نشستن,23
bedāhenavāzi,импровизация,بداهنوازی,23
benām,известный,بنام,23
biadab,груб; невежливый,بیادب,23
binā,зрячий,بینا,23
bord,прибыль; победа; выигрыш,برد,23
bozorgi,величина; укрупнение,بزرگی,23
ciredast,искусный,چیردست,23
daf,бубен,دف,23
daftarce,буклет,دفترچه,23
dānā,знаток,دانا,23
darbār,двор,دربار,23
daryāft,прием,دریافت,23
dastgāh,прибор,دستگاه,23
deldāri dādan (deh),консоль,دلداری دادن,23
divāne,сумасшедший,دیوانه,23
espāniyāyi,испанец; испанский,اسپانیایی,23
forud,спуск; посадка,فرود,23
forud āmadan (ā),земля,فرود آمدن,23
gomrok,обычаи,گمرک,23
gomroki,обычаи,گمرکی,23
gorosnegi,голод,گرسنگی,23
gostareš yāftan (yāb),распространяться,گسترش یافتن,23
gozārešgar,репортер,گزارشگر,23
guyande,диктор; объявляющий,گویند,23
honarkade,студия; мастерская художника,هنرکده,23
ist,"остановка, стояние",ایست,23
kamānce,скрипка,کمانچه,23
kāmyāb,успешный; процветающий,کامیاب,23
ma’mur,офицер; агент,معمور,23
mafhum ,концепция; смысл; понятие;,مفهوم ,23
mānand-e,подобно (чему-либо),مانند,23
moāf,освобожденный от чего-то,معاف,23
mohtaram,уважаемый,محترم,23
namakdān,солонка; соляной погреб,نمکدان,23
naxeyr,нет (4б),نخیر,23
neveštār,статья; документ; письмо; текст,نوشتار,23
ney,"флейта, соломинка",نی,23
pardāxt,оплата,پرداخت,23
pardāxt kardan (kon),платить,پرداخت کردن,23
pasraft,регресс; отступление,پسرفت,23
paxš,широкое вещание; трансляция,پخش,23
pesarak,парень,پسرک,23
pišpardāxt,депозит; предоплата; аванс,پیش‌پرداخت ,23
poxte,приготовленный,پخته,23
qābelemolāheze,значительный,قابل‌ملاهزه,23
qateāt,части; запасные части,قطعات,23
qateāt-e taškildehande ,"компоненты, элементы",قطعات تشکیل‌دهنده,23
ravān,свободный; душа,روان,23
ruzāne,ежедневно,روزانه,23
samfoni,симфония,سمفونی,23
santur,иранский цимбал,سنتور,23
šast,шестьдесят; большой палец руки,شصت,23
šaxsi,"личный, частный, гражданский",شخصی,23
sowqāti,сувенир,سوغاتی,23
tahvil gereftan (gir),получить,تحویل گرفتن,23
tamāšāgar,зритель; аудитория,تماشاگر,23
"taškil šodan (šav, šow)",состоять,تشکیل شدن,23
tulāni,длинный (ط___),طولانی,23
vāgozār kardan (kon),оставить; потерять,واگذار کردن,23
varzešgāh,стадион,ورزشگاه,23
xallāqiyat,"креативность, творческость",خلاقیت,23
xāternešān kardan (kon),примечание; замечание,خاطرنشان کردن,23
yekmeqdār,некоторые; немного,یکمقدار,23
ābanbār,цистерна,آبنبار,24
āberu,"честь, репутация, престиж",آبرو,24
ahammiyat,значение,اهمیت,24
ānmowqe’,"тогда, в то время",آنموقع,24
arze kardan (kon),предложение,عرضه کردن,24
az taraf-e,во имя,از طرفِ,24
badandiš,"жестокий, злонамеренный",بداندیش,24
bāzigar,актер; художник; исполнитель,بازیگر,24
be in zudi,так рано,به این زودی,24
be tavāfoq residan (res),согласиться; достичь соглашения,به توافق رسیدن,24
belitforuš,продавец билетов,بلیتفروش,24
bolandgu,громкоговоритель,بلندگو,24
bordobāxt,победа и поражение,بردباخت,24
cāne zadan (zan),торговаться,چانه زدن,24
cānezani,переговоры,چانزنی,24
dahe,десятилетие,دهه,24
dardesar,"беда, тяжелое положение",دردسر,24
dāstānnevis,романист,داستان‌نویس,24
dastband,браслет; наручники,دستبند,24
dāvar,судья; арбитр,داور,24
dolā,"двойной, двуслойный",دولا,24
ezdevāj,брак,ازدواج,24
fāreqottahsil,выпускник,فارغ التحصیل,24
filmbardāri,запись фильмов,فیلمبرداری,24
filmsāz,кинорежиссер,فیلمساز,24
forušande,продавец,فروشند,24
goftogu ,"диалог; разговор; беседа, интервью",گفتگو ,24
hey’at,комитет; комиссия; панель,هیأت,24
hozur,присутствие,حضور,24
jalb kardan (kon),привлекать,جلب کردن,24
jašnvāre,фестиваль,جشنواره,24
javāyez,награды,جوایز,24
jodāyi,разделение; развод,جدایی,24
jozv(-e),часть; среди,جزو,24
kamhowsele,нетерпеливый,کم حوصله,24
kamrang,бледный,کمرنگ,24
kārgardān,директор,کارگردان,24
ketābforuš,"продавец книг, книжный магазин",کتابفروش,24
lož,"будка, киоск",لژ,24
maqāze,магазин,مغازه,24
matrah,важный; предложенный,مطرح,24
mo’tabar,заслуживающий доверие; надежный; действительный,معتبر,24
moddatzamān,продолжительность; длина,مدت‌زمان,24
montaqed,критик,منتقد,24
mostamar,непрерывный,مستمر,24
movaffaqiyatāmiz,успешный,موفقیت‌آمیز,24
mowredenazar,"намеренный, желанный",موردنظر,24
nešāne,знак; символ,نشان,24
peyvaste,непрерывный,پیوسته,24
poršomār,многочисленные,پرشمار,24
porzarqobarq,блестящий,پرزرقبرق,24
poxtopaz,готовка еды,پختپز,24
qulpeykar,гигантский; огромный,قولپیکر,24
rošd,"рост, прирост",رشد,24
sadhā,сотни,صدها,24
sālāne,"ежегодный, готовой",سالانه,24
san’at,промышленность,صنعت,24
sāns,прогон фильма,سانس,24
saranjām,в конце концов,سرانجام,24
sarosedā,шум,سروصدا,24
sarovaz’,снаряжение,سر و وضع,24
seguš,треугольник; треугольный,سگوش,24
sinamāgar,кинорежиссер,سینماگر,24
šokufā,"цветущий, процветающий",شکوفا,24
ta’m,вкус,طعم,24
tahiyekonande,производитель,تهیه‌کننده,24
talāforuš,ювелир,طلافروش,24
tavāfoq,согласие,توافق,24
tizhuš,сообразительный,تیژوش,24
xandeāvar,"смешной, комический",خنده‌آور,24
xolāse,резюме,خلاصه,24
xošandām,"стройный, красивый",خشندام,24
zadoxord,"драка, сражение",زدخرد,24
zeytun,олива,زیتون,24
